uid,title,description,url,audio_url,image_url,collection,vendor,vendor_identifier
0d865afa-d8bd-4fd6-a6ff-2e1f79327442,cy_audio_news_chunk_10_1,,,https://audio-v1.voiceofcyprus.org/audio_chunks/cy_audio_news_chunk_10_1.mp3,https://image.voiceofcyprus.org/OIP-427564143.jpeg,CY-Audio,webvtt,cy_audio_news_chunk_10_1.vtt
0670033c-3544-463e-9a7d-beab0d8c71ac,cy_audio_news_chunk_10_10,,,https://audio-v1.voiceofcyprus.org/audio_chunks/cy_audio_news_chunk_10_10.mp3,https://image.voiceofcyprus.org/OIP-427564143.jpeg,CY-Audio,webvtt,cy_audio_news_chunk_10_10.vtt
866117f2-9774-4792-ba45-824b5a047d88,cy_audio_news_chunk_10_11,,,https://audio-v1.voiceofcyprus.org/audio_chunks/cy_audio_news_chunk_10_11.mp3,https://image.voiceofcyprus.org/OIP-427564143.jpeg,CY-Audio,webvtt,cy_audio_news_chunk_10_11.vtt
8c00a635-8595-4e79-8ebc-20caad1e1d55,cy_audio_news_chunk_10_12,,,https://audio-v1.voiceofcyprus.org/audio_chunks/cy_audio_news_chunk_10_12.mp3,https://image.voiceofcyprus.org/OIP-427564143.jpeg,CY-Audio,webvtt,cy_audio_news_chunk_10_12.vtt
05a74f1e-221a-4472-9f4a-e2b1fabb366f,cy_audio_news_chunk_10_13,,,https://audio-v1.voiceofcyprus.org/audio_chunks/cy_audio_news_chunk_10_13.mp3,https://image.voiceofcyprus.org/OIP-427564143.jpeg,CY-Audio,webvtt,cy_audio_news_chunk_10_13.vtt
7fe0fda7-3386-46b8-92d0-1b41fb2e5c39,cy_audio_news_chunk_10_14,,,https://audio-v1.voiceofcyprus.org/audio_chunks/cy_audio_news_chunk_10_14.mp3,https://image.voiceofcyprus.org/OIP-427564143.jpeg,CY-Audio,webvtt,cy_audio_news_chunk_10_14.vtt
e3637126-4ba8-4cc2-8da0-5b82a9268d1b,cy_audio_news_chunk_10_15,,,https://audio-v1.voiceofcyprus.org/audio_chunks/cy_audio_news_chunk_10_15.mp3,https://image.voiceofcyprus.org/OIP-427564143.jpeg,CY-Audio,webvtt,cy_audio_news_chunk_10_15.vtt
3b5ccc41-f5ed-42ed-b37f-0730a89e0b40,cy_audio_news_chunk_10_16,,,https://audio-v1.voiceofcyprus.org/audio_chunks/cy_audio_news_chunk_10_16.mp3,https://image.voiceofcyprus.org/OIP-427564143.jpeg,CY-Audio,webvtt,cy_audio_news_chunk_10_16.vtt
9d13d58d-82c0-4268-9e64-a35a42d59c9c,cy_audio_news_chunk_10_17,,,https://audio-v1.voiceofcyprus.org/audio_chunks/cy_audio_news_chunk_10_17.mp3,https://image.voiceofcyprus.org/OIP-427564143.jpeg,CY-Audio,webvtt,cy_audio_news_chunk_10_17.vtt
6552881a-f26a-4c4b-b365-8d04288d274a,cy_audio_news_chunk_10_18,,,https://audio-v1.voiceofcyprus.org/audio_chunks/cy_audio_news_chunk_10_18.mp3,https://image.voiceofcyprus.org/OIP-427564143.jpeg,CY-Audio,webvtt,cy_audio_news_chunk_10_18.vtt
0e60d74b-424f-41e2-8ad9-f63002fb7333,cy_audio_news_chunk_10_19,,,https://audio-v1.voiceofcyprus.org/audio_chunks/cy_audio_news_chunk_10_19.mp3,https://image.voiceofcyprus.org/OIP-427564143.jpeg,CY-Audio,webvtt,cy_audio_news_chunk_10_19.vtt
126eb922-1102-4f60-891c-bdb9e17a47f9,cy_audio_news_chunk_10_2,,,https://audio-v1.voiceofcyprus.org/audio_chunks/cy_audio_news_chunk_10_2.mp3,https://image.voiceofcyprus.org/OIP-427564143.jpeg,CY-Audio,webvtt,cy_audio_news_chunk_10_2.vtt
1d5e6055-80eb-47b4-9b84-5a1822fa67b4,cy_audio_news_chunk_10_3,,,https://audio-v1.voiceofcyprus.org/audio_chunks/cy_audio_news_chunk_10_3.mp3,https://image.voiceofcyprus.org/OIP-427564143.jpeg,CY-Audio,webvtt,cy_audio_news_chunk_10_3.vtt
34176217-a41e-4072-94c7-4fc634655ab0,cy_audio_news_chunk_10_4,,,https://audio-v1.voiceofcyprus.org/audio_chunks/cy_audio_news_chunk_10_4.mp3,https://image.voiceofcyprus.org/OIP-427564143.jpeg,CY-Audio,webvtt,cy_audio_news_chunk_10_4.vtt
5c2e72fd-188f-45e4-aacf-b772f59c9206,cy_audio_news_chunk_10_5,,,https://audio-v1.voiceofcyprus.org/audio_chunks/cy_audio_news_chunk_10_5.mp3,https://image.voiceofcyprus.org/OIP-427564143.jpeg,CY-Audio,webvtt,cy_audio_news_chunk_10_5.vtt
ceb6c5ef-6725-40e1-abba-4ee29c655e60,cy_audio_news_chunk_10_6,,,https://audio-v1.voiceofcyprus.org/audio_chunks/cy_audio_news_chunk_10_6.mp3,https://image.voiceofcyprus.org/OIP-427564143.jpeg,CY-Audio,webvtt,cy_audio_news_chunk_10_6.vtt
a4dfdcc7-40d3-4288-9df0-0c329b19b968,cy_audio_news_chunk_10_7,,,https://audio-v1.voiceofcyprus.org/audio_chunks/cy_audio_news_chunk_10_7.mp3,https://image.voiceofcyprus.org/OIP-427564143.jpeg,CY-Audio,webvtt,cy_audio_news_chunk_10_7.vtt
5194e50e-a42c-4447-abd8-34ebcd28b711,cy_audio_news_chunk_10_8,,,https://audio-v1.voiceofcyprus.org/audio_chunks/cy_audio_news_chunk_10_8.mp3,https://image.voiceofcyprus.org/OIP-427564143.jpeg,CY-Audio,webvtt,cy_audio_news_chunk_10_8.vtt
bb02e1e3-bcc5-4b8e-a36d-fbdb1c5ac95b,cy_audio_news_chunk_10_9,,,https://audio-v1.voiceofcyprus.org/audio_chunks/cy_audio_news_chunk_10_9.mp3,https://image.voiceofcyprus.org/OIP-427564143.jpeg,CY-Audio,webvtt,cy_audio_news_chunk_10_9.vtt
64b23339-8f3d-43b4-a225-e13701425dec,cy_audio_news_chunk_11_1,,,https://audio-v1.voiceofcyprus.org/audio_chunks/cy_audio_news_chunk_11_1.mp3,https://image.voiceofcyprus.org/OIP-427564143.jpeg,CY-Audio,webvtt,cy_audio_news_chunk_11_1.vtt
bf18e237-8973-48be-8668-c4782adf461a,cy_audio_news_chunk_11_10,,,https://audio-v1.voiceofcyprus.org/audio_chunks/cy_audio_news_chunk_11_10.mp3,https://image.voiceofcyprus.org/OIP-427564143.jpeg,CY-Audio,webvtt,cy_audio_news_chunk_11_10.vtt
9a659347-0507-4495-8351-1c4df62e7806,cy_audio_news_chunk_11_11,,,https://audio-v1.voiceofcyprus.org/audio_chunks/cy_audio_news_chunk_11_11.mp3,https://image.voiceofcyprus.org/OIP-427564143.jpeg,CY-Audio,webvtt,cy_audio_news_chunk_11_11.vtt
a4f34a85-1426-43b9-9046-d30b123b63d8,cy_audio_news_chunk_11_12,,,https://audio-v1.voiceofcyprus.org/audio_chunks/cy_audio_news_chunk_11_12.mp3,https://image.voiceofcyprus.org/OIP-427564143.jpeg,CY-Audio,webvtt,cy_audio_news_chunk_11_12.vtt
55bf6221-c06a-4001-be4f-abde57d64903,cy_audio_news_chunk_11_13,,,https://audio-v1.voiceofcyprus.org/audio_chunks/cy_audio_news_chunk_11_13.mp3,https://image.voiceofcyprus.org/OIP-427564143.jpeg,CY-Audio,webvtt,cy_audio_news_chunk_11_13.vtt
19001b48-4a55-4995-899b-57a738a8b6c7,cy_audio_news_chunk_11_14,,,https://audio-v1.voiceofcyprus.org/audio_chunks/cy_audio_news_chunk_11_14.mp3,https://image.voiceofcyprus.org/OIP-427564143.jpeg,CY-Audio,webvtt,cy_audio_news_chunk_11_14.vtt
adcce987-d1a1-471a-943a-d7e24d14e12d,cy_audio_news_chunk_11_15,,,https://audio-v1.voiceofcyprus.org/audio_chunks/cy_audio_news_chunk_11_15.mp3,https://image.voiceofcyprus.org/OIP-427564143.jpeg,CY-Audio,webvtt,cy_audio_news_chunk_11_15.vtt
1d249ae5-7d89-46ce-a687-783aa5d4473f,cy_audio_news_chunk_11_16,,,https://audio-v1.voiceofcyprus.org/audio_chunks/cy_audio_news_chunk_11_16.mp3,https://image.voiceofcyprus.org/OIP-427564143.jpeg,CY-Audio,webvtt,cy_audio_news_chunk_11_16.vtt
35430288-c1d3-496a-b0da-9729524a0a4b,cy_audio_news_chunk_11_17,,,https://audio-v1.voiceofcyprus.org/audio_chunks/cy_audio_news_chunk_11_17.mp3,https://image.voiceofcyprus.org/OIP-427564143.jpeg,CY-Audio,webvtt,cy_audio_news_chunk_11_17.vtt
5ec7ef4f-253e-468e-b60b-86fff41e5499,cy_audio_news_chunk_11_18,,,https://audio-v1.voiceofcyprus.org/audio_chunks/cy_audio_news_chunk_11_18.mp3,https://image.voiceofcyprus.org/OIP-427564143.jpeg,CY-Audio,webvtt,cy_audio_news_chunk_11_18.vtt
f3a11322-c4b4-424e-b865-28e3eb020313,cy_audio_news_chunk_11_19,,,https://audio-v1.voiceofcyprus.org/audio_chunks/cy_audio_news_chunk_11_19.mp3,https://image.voiceofcyprus.org/OIP-427564143.jpeg,CY-Audio,webvtt,cy_audio_news_chunk_11_19.vtt
c7bcfe33-c77a-4c45-983d-0b903926dc9d,cy_audio_news_chunk_11_2,,,https://audio-v1.voiceofcyprus.org/audio_chunks/cy_audio_news_chunk_11_2.mp3,https://image.voiceofcyprus.org/OIP-427564143.jpeg,CY-Audio,webvtt,cy_audio_news_chunk_11_2.vtt
23960d47-6c93-42f3-aba0-aa3b0b897982,cy_audio_news_chunk_11_20,,,https://audio-v1.voiceofcyprus.org/audio_chunks/cy_audio_news_chunk_11_20.mp3,https://image.voiceofcyprus.org/OIP-427564143.jpeg,CY-Audio,webvtt,cy_audio_news_chunk_11_20.vtt
406e03ab-6917-4bbb-bc7e-9a0749790cbd,cy_audio_news_chunk_11_21,,,https://audio-v1.voiceofcyprus.org/audio_chunks/cy_audio_news_chunk_11_21.mp3,https://image.voiceofcyprus.org/OIP-427564143.jpeg,CY-Audio,webvtt,cy_audio_news_chunk_11_21.vtt
a8e57dd2-1452-4fe0-ae93-b34d57649839,cy_audio_news_chunk_11_22,,,https://audio-v1.voiceofcyprus.org/audio_chunks/cy_audio_news_chunk_11_22.mp3,https://image.voiceofcyprus.org/OIP-427564143.jpeg,CY-Audio,webvtt,cy_audio_news_chunk_11_22.vtt
d79e5df0-6b15-4d94-af6f-74c6849d4fad,cy_audio_news_chunk_11_23,,,https://audio-v1.voiceofcyprus.org/audio_chunks/cy_audio_news_chunk_11_23.mp3,https://image.voiceofcyprus.org/OIP-427564143.jpeg,CY-Audio,webvtt,cy_audio_news_chunk_11_23.vtt
8b30947e-a0ee-4093-aabf-cd705b2f6343,cy_audio_news_chunk_11_24,,,https://audio-v1.voiceofcyprus.org/audio_chunks/cy_audio_news_chunk_11_24.mp3,https://image.voiceofcyprus.org/OIP-427564143.jpeg,CY-Audio,webvtt,cy_audio_news_chunk_11_24.vtt
d7516870-ddb7-4ca2-9209-e5ac811b354e,cy_audio_news_chunk_11_25,,,https://audio-v1.voiceofcyprus.org/audio_chunks/cy_audio_news_chunk_11_25.mp3,https://image.voiceofcyprus.org/OIP-427564143.jpeg,CY-Audio,webvtt,cy_audio_news_chunk_11_25.vtt
1047e974-4ff5-4881-8a1b-cd1e64927c2b,cy_audio_news_chunk_11_26,,,https://audio-v1.voiceofcyprus.org/audio_chunks/cy_audio_news_chunk_11_26.mp3,https://image.voiceofcyprus.org/OIP-427564143.jpeg,CY-Audio,webvtt,cy_audio_news_chunk_11_26.vtt
6d0159ec-8c56-4afa-9c54-c16edddef767,cy_audio_news_chunk_11_27,,,https://audio-v1.voiceofcyprus.org/audio_chunks/cy_audio_news_chunk_11_27.mp3,https://image.voiceofcyprus.org/OIP-427564143.jpeg,CY-Audio,webvtt,cy_audio_news_chunk_11_27.vtt
3a91756d-223e-4fcc-8d86-62d5a2d672f3,cy_audio_news_chunk_11_28,,,https://audio-v1.voiceofcyprus.org/audio_chunks/cy_audio_news_chunk_11_28.mp3,https://image.voiceofcyprus.org/OIP-427564143.jpeg,CY-Audio,webvtt,cy_audio_news_chunk_11_28.vtt
b5bd4586-c916-4b4e-846e-e9d478704a5d,cy_audio_news_chunk_11_29,,,https://audio-v1.voiceofcyprus.org/audio_chunks/cy_audio_news_chunk_11_29.mp3,https://image.voiceofcyprus.org/OIP-427564143.jpeg,CY-Audio,webvtt,cy_audio_news_chunk_11_29.vtt
8b36ff7d-3173-431c-8960-14ea246b445e,cy_audio_news_chunk_11_3,,,https://audio-v1.voiceofcyprus.org/audio_chunks/cy_audio_news_chunk_11_3.mp3,https://image.voiceofcyprus.org/OIP-427564143.jpeg,CY-Audio,webvtt,cy_audio_news_chunk_11_3.vtt
cdd540f8-1ef6-4769-a80f-0e753c801178,cy_audio_news_chunk_11_30,,,https://audio-v1.voiceofcyprus.org/audio_chunks/cy_audio_news_chunk_11_30.mp3,https://image.voiceofcyprus.org/OIP-427564143.jpeg,CY-Audio,webvtt,cy_audio_news_chunk_11_30.vtt
7e2ed81f-f0ea-4f36-8e8d-eb0e9559480c,cy_audio_news_chunk_11_31,,,https://audio-v1.voiceofcyprus.org/audio_chunks/cy_audio_news_chunk_11_31.mp3,https://image.voiceofcyprus.org/OIP-427564143.jpeg,CY-Audio,webvtt,cy_audio_news_chunk_11_31.vtt
d332bf50-7e3e-4f00-bb41-bb63d1b088d3,cy_audio_news_chunk_11_4,,,https://audio-v1.voiceofcyprus.org/audio_chunks/cy_audio_news_chunk_11_4.mp3,https://image.voiceofcyprus.org/OIP-427564143.jpeg,CY-Audio,webvtt,cy_audio_news_chunk_11_4.vtt
6f5cbe16-150e-4000-bbe0-abfed695e086,cy_audio_news_chunk_11_5,,,https://audio-v1.voiceofcyprus.org/audio_chunks/cy_audio_news_chunk_11_5.mp3,https://image.voiceofcyprus.org/OIP-427564143.jpeg,CY-Audio,webvtt,cy_audio_news_chunk_11_5.vtt
0624d68d-8b4d-47f1-80d9-68747ec8ec8a,cy_audio_news_chunk_11_6,,,https://audio-v1.voiceofcyprus.org/audio_chunks/cy_audio_news_chunk_11_6.mp3,https://image.voiceofcyprus.org/OIP-427564143.jpeg,CY-Audio,webvtt,cy_audio_news_chunk_11_6.vtt
26fa0753-5cde-451e-ab1f-7c5df4779d79,cy_audio_news_chunk_11_7,,,https://audio-v1.voiceofcyprus.org/audio_chunks/cy_audio_news_chunk_11_7.mp3,https://image.voiceofcyprus.org/OIP-427564143.jpeg,CY-Audio,webvtt,cy_audio_news_chunk_11_7.vtt
f76c487a-59cf-4157-abcc-f97b2a680881,cy_audio_news_chunk_11_8,,,https://audio-v1.voiceofcyprus.org/audio_chunks/cy_audio_news_chunk_11_8.mp3,https://image.voiceofcyprus.org/OIP-427564143.jpeg,CY-Audio,webvtt,cy_audio_news_chunk_11_8.vtt
a00bc0d9-3dc9-4065-8df2-a22c3f83eb02,cy_audio_news_chunk_11_9,,,https://audio-v1.voiceofcyprus.org/audio_chunks/cy_audio_news_chunk_11_9.mp3,https://image.voiceofcyprus.org/OIP-427564143.jpeg,CY-Audio,webvtt,cy_audio_news_chunk_11_9.vtt
9a783746-eeb6-452c-b0a2-5035b096d2ad,cy_audio_news_chunk_12_1,,,https://audio-v1.voiceofcyprus.org/audio_chunks/cy_audio_news_chunk_12_1.mp3,https://image.voiceofcyprus.org/OIP-427564143.jpeg,CY-Audio,webvtt,cy_audio_news_chunk_12_1.vtt
083f8901-625e-426c-b144-9e77c005bff5,cy_audio_news_chunk_12_10,,,https://audio-v1.voiceofcyprus.org/audio_chunks/cy_audio_news_chunk_12_10.mp3,https://image.voiceofcyprus.org/OIP-427564143.jpeg,CY-Audio,webvtt,cy_audio_news_chunk_12_10.vtt
9ff67ab2-a755-4daa-972d-056a85ac940b,cy_audio_news_chunk_12_11,,,https://audio-v1.voiceofcyprus.org/audio_chunks/cy_audio_news_chunk_12_11.mp3,https://image.voiceofcyprus.org/OIP-427564143.jpeg,CY-Audio,webvtt,cy_audio_news_chunk_12_11.vtt
4083a33c-32ce-43b1-aa69-45d55b092e96,cy_audio_news_chunk_12_12,,,https://audio-v1.voiceofcyprus.org/audio_chunks/cy_audio_news_chunk_12_12.mp3,https://image.voiceofcyprus.org/OIP-427564143.jpeg,CY-Audio,webvtt,cy_audio_news_chunk_12_12.vtt
139e51f9-c3f4-4d46-9a18-61202b983597,cy_audio_news_chunk_12_13,,,https://audio-v1.voiceofcyprus.org/audio_chunks/cy_audio_news_chunk_12_13.mp3,https://image.voiceofcyprus.org/OIP-427564143.jpeg,CY-Audio,webvtt,cy_audio_news_chunk_12_13.vtt
c675b8a0-b02e-4283-bb92-52df6408d90b,cy_audio_news_chunk_12_14,,,https://audio-v1.voiceofcyprus.org/audio_chunks/cy_audio_news_chunk_12_14.mp3,https://image.voiceofcyprus.org/OIP-427564143.jpeg,CY-Audio,webvtt,cy_audio_news_chunk_12_14.vtt
3b4904bc-ba88-4d3b-8962-b52bdc4b995a,cy_audio_news_chunk_12_15,,,https://audio-v1.voiceofcyprus.org/audio_chunks/cy_audio_news_chunk_12_15.mp3,https://image.voiceofcyprus.org/OIP-427564143.jpeg,CY-Audio,webvtt,cy_audio_news_chunk_12_15.vtt
4ef9d1b9-7789-441c-a606-883ef8193ea0,cy_audio_news_chunk_12_2,,,https://audio-v1.voiceofcyprus.org/audio_chunks/cy_audio_news_chunk_12_2.mp3,https://image.voiceofcyprus.org/OIP-427564143.jpeg,CY-Audio,webvtt,cy_audio_news_chunk_12_2.vtt
08aacf96-702d-480f-88aa-6e70eaa5af44,cy_audio_news_chunk_12_3,,,https://audio-v1.voiceofcyprus.org/audio_chunks/cy_audio_news_chunk_12_3.mp3,https://image.voiceofcyprus.org/OIP-427564143.jpeg,CY-Audio,webvtt,cy_audio_news_chunk_12_3.vtt
f0c341c6-cdc4-479d-8822-0e88f59ee9da,cy_audio_news_chunk_12_4,,,https://audio-v1.voiceofcyprus.org/audio_chunks/cy_audio_news_chunk_12_4.mp3,https://image.voiceofcyprus.org/OIP-427564143.jpeg,CY-Audio,webvtt,cy_audio_news_chunk_12_4.vtt
fa49f789-1f45-4719-bde5-d10aea11c8ad,cy_audio_news_chunk_12_5,,,https://audio-v1.voiceofcyprus.org/audio_chunks/cy_audio_news_chunk_12_5.mp3,https://image.voiceofcyprus.org/OIP-427564143.jpeg,CY-Audio,webvtt,cy_audio_news_chunk_12_5.vtt
c9db08e2-f6ea-42c6-95f9-2c2f742419be,cy_audio_news_chunk_12_6,,,https://audio-v1.voiceofcyprus.org/audio_chunks/cy_audio_news_chunk_12_6.mp3,https://image.voiceofcyprus.org/OIP-427564143.jpeg,CY-Audio,webvtt,cy_audio_news_chunk_12_6.vtt
82efa881-a79f-47b8-84a8-4f7b43d1ad56,cy_audio_news_chunk_12_7,,,https://audio-v1.voiceofcyprus.org/audio_chunks/cy_audio_news_chunk_12_7.mp3,https://image.voiceofcyprus.org/OIP-427564143.jpeg,CY-Audio,webvtt,cy_audio_news_chunk_12_7.vtt
518bf806-1e96-4982-a83e-8b83c873a85e,cy_audio_news_chunk_12_8,,,https://audio-v1.voiceofcyprus.org/audio_chunks/cy_audio_news_chunk_12_8.mp3,https://image.voiceofcyprus.org/OIP-427564143.jpeg,CY-Audio,webvtt,cy_audio_news_chunk_12_8.vtt
4aa242e6-d3e3-409b-9841-b00cb8312744,cy_audio_news_chunk_12_9,,,https://audio-v1.voiceofcyprus.org/audio_chunks/cy_audio_news_chunk_12_9.mp3,https://image.voiceofcyprus.org/OIP-427564143.jpeg,CY-Audio,webvtt,cy_audio_news_chunk_12_9.vtt
87f5eda5-6017-4897-9e68-069554e778d4,cy_audio_news_chunk_13_1,,,https://audio-v1.voiceofcyprus.org/audio_chunks/cy_audio_news_chunk_13_1.mp3,https://image.voiceofcyprus.org/OIP-427564143.jpeg,CY-Audio,webvtt,cy_audio_news_chunk_13_1.vtt
52a013e6-de2b-48f7-abb9-b8d5bbd5cc19,cy_audio_news_chunk_13_10,,,https://audio-v1.voiceofcyprus.org/audio_chunks/cy_audio_news_chunk_13_10.mp3,https://image.voiceofcyprus.org/OIP-427564143.jpeg,CY-Audio,webvtt,cy_audio_news_chunk_13_10.vtt
9d8239ee-cf70-4007-8a87-d72c99b18676,cy_audio_news_chunk_13_11,,,https://audio-v1.voiceofcyprus.org/audio_chunks/cy_audio_news_chunk_13_11.mp3,https://image.voiceofcyprus.org/OIP-427564143.jpeg,CY-Audio,webvtt,cy_audio_news_chunk_13_11.vtt
d5fe3949-e586-49dd-a888-9e851db334d1,cy_audio_news_chunk_13_12,,,https://audio-v1.voiceofcyprus.org/audio_chunks/cy_audio_news_chunk_13_12.mp3,https://image.voiceofcyprus.org/OIP-427564143.jpeg,CY-Audio,webvtt,cy_audio_news_chunk_13_12.vtt
913e0ea5-14a4-467d-abcb-08ead6df49e8,cy_audio_news_chunk_13_13,,,https://audio-v1.voiceofcyprus.org/audio_chunks/cy_audio_news_chunk_13_13.mp3,https://image.voiceofcyprus.org/OIP-427564143.jpeg,CY-Audio,webvtt,cy_audio_news_chunk_13_13.vtt
008cb32e-e41c-4d8e-ad0c-d7be9e378cf3,cy_audio_news_chunk_13_14,,,https://audio-v1.voiceofcyprus.org/audio_chunks/cy_audio_news_chunk_13_14.mp3,https://image.voiceofcyprus.org/OIP-427564143.jpeg,CY-Audio,webvtt,cy_audio_news_chunk_13_14.vtt
8ef7d6b8-71b7-4cfb-b1fb-8b6343b87e21,cy_audio_news_chunk_13_15,,,https://audio-v1.voiceofcyprus.org/audio_chunks/cy_audio_news_chunk_13_15.mp3,https://image.voiceofcyprus.org/OIP-427564143.jpeg,CY-Audio,webvtt,cy_audio_news_chunk_13_15.vtt
aee79528-ba6b-47c2-8f0a-a1f8c379ebbb,cy_audio_news_chunk_13_16,,,https://audio-v1.voiceofcyprus.org/audio_chunks/cy_audio_news_chunk_13_16.mp3,https://image.voiceofcyprus.org/OIP-427564143.jpeg,CY-Audio,webvtt,cy_audio_news_chunk_13_16.vtt
a8534de8-501d-4f52-89fc-79b54fba9f3c,cy_audio_news_chunk_13_17,,,https://audio-v1.voiceofcyprus.org/audio_chunks/cy_audio_news_chunk_13_17.mp3,https://image.voiceofcyprus.org/OIP-427564143.jpeg,CY-Audio,webvtt,cy_audio_news_chunk_13_17.vtt
47c8ff89-d0f7-4f14-a302-ae78ae8e8742,cy_audio_news_chunk_13_18,,,https://audio-v1.voiceofcyprus.org/audio_chunks/cy_audio_news_chunk_13_18.mp3,https://image.voiceofcyprus.org/OIP-427564143.jpeg,CY-Audio,webvtt,cy_audio_news_chunk_13_18.vtt
f508e403-d4d0-4ce3-9662-7522f53cf5c6,cy_audio_news_chunk_13_19,,,https://audio-v1.voiceofcyprus.org/audio_chunks/cy_audio_news_chunk_13_19.mp3,https://image.voiceofcyprus.org/OIP-427564143.jpeg,CY-Audio,webvtt,cy_audio_news_chunk_13_19.vtt
2c582a95-fd5b-4736-8685-30f070d4627d,cy_audio_news_chunk_13_2,,,https://audio-v1.voiceofcyprus.org/audio_chunks/cy_audio_news_chunk_13_2.mp3,https://image.voiceofcyprus.org/OIP-427564143.jpeg,CY-Audio,webvtt,cy_audio_news_chunk_13_2.vtt
43a290d5-eb23-4523-a702-bee0a0385af9,cy_audio_news_chunk_13_3,,,https://audio-v1.voiceofcyprus.org/audio_chunks/cy_audio_news_chunk_13_3.mp3,https://image.voiceofcyprus.org/OIP-427564143.jpeg,CY-Audio,webvtt,cy_audio_news_chunk_13_3.vtt
a133e90e-91d7-40a5-aa9a-a8161f1f2013,cy_audio_news_chunk_13_4,,,https://audio-v1.voiceofcyprus.org/audio_chunks/cy_audio_news_chunk_13_4.mp3,https://image.voiceofcyprus.org/OIP-427564143.jpeg,CY-Audio,webvtt,cy_audio_news_chunk_13_4.vtt
d6c6c8fd-8694-4018-aab2-bed33220a453,cy_audio_news_chunk_13_5,,,https://audio-v1.voiceofcyprus.org/audio_chunks/cy_audio_news_chunk_13_5.mp3,https://image.voiceofcyprus.org/OIP-427564143.jpeg,CY-Audio,webvtt,cy_audio_news_chunk_13_5.vtt
4869539c-bfc9-4d30-9e8a-7415bb2ece5c,cy_audio_news_chunk_13_6,,,https://audio-v1.voiceofcyprus.org/audio_chunks/cy_audio_news_chunk_13_6.mp3,https://image.voiceofcyprus.org/OIP-427564143.jpeg,CY-Audio,webvtt,cy_audio_news_chunk_13_6.vtt
117aceee-1073-49d9-a257-58e47a0c476d,cy_audio_news_chunk_13_7,,,https://audio-v1.voiceofcyprus.org/audio_chunks/cy_audio_news_chunk_13_7.mp3,https://image.voiceofcyprus.org/OIP-427564143.jpeg,CY-Audio,webvtt,cy_audio_news_chunk_13_7.vtt
8b9ee951-2db9-4dc9-9716-4791dacdf1df,cy_audio_news_chunk_13_8,,,https://audio-v1.voiceofcyprus.org/audio_chunks/cy_audio_news_chunk_13_8.mp3,https://image.voiceofcyprus.org/OIP-427564143.jpeg,CY-Audio,webvtt,cy_audio_news_chunk_13_8.vtt
5092c3cf-b2fc-4057-8155-7787f6e4f005,cy_audio_news_chunk_13_9,,,https://audio-v1.voiceofcyprus.org/audio_chunks/cy_audio_news_chunk_13_9.mp3,https://image.voiceofcyprus.org/OIP-427564143.jpeg,CY-Audio,webvtt,cy_audio_news_chunk_13_9.vtt
059d47b0-214e-4532-b76c-628cd2871263,cy_audio_news_chunk_14_1,,,https://audio-v1.voiceofcyprus.org/audio_chunks/cy_audio_news_chunk_14_1.mp3,https://image.voiceofcyprus.org/OIP-427564143.jpeg,CY-Audio,webvtt,cy_audio_news_chunk_14_1.vtt
f8f3c290-7291-4c2b-8bdc-aa1f75366b0b,cy_audio_news_chunk_14_10,,,https://audio-v1.voiceofcyprus.org/audio_chunks/cy_audio_news_chunk_14_10.mp3,https://image.voiceofcyprus.org/OIP-427564143.jpeg,CY-Audio,webvtt,cy_audio_news_chunk_14_10.vtt
f28778fe-e011-472a-b764-f739e0a44455,cy_audio_news_chunk_14_2,,,https://audio-v1.voiceofcyprus.org/audio_chunks/cy_audio_news_chunk_14_2.mp3,https://image.voiceofcyprus.org/OIP-427564143.jpeg,CY-Audio,webvtt,cy_audio_news_chunk_14_2.vtt
d072f936-97ec-4e2f-8e7a-b6db2ef9e1aa,cy_audio_news_chunk_14_3,,,https://audio-v1.voiceofcyprus.org/audio_chunks/cy_audio_news_chunk_14_3.mp3,https://image.voiceofcyprus.org/OIP-427564143.jpeg,CY-Audio,webvtt,cy_audio_news_chunk_14_3.vtt
62fdb00b-8acb-4a3b-bf59-18f3a0f8dce6,cy_audio_news_chunk_14_4,,,https://audio-v1.voiceofcyprus.org/audio_chunks/cy_audio_news_chunk_14_4.mp3,https://image.voiceofcyprus.org/OIP-427564143.jpeg,CY-Audio,webvtt,cy_audio_news_chunk_14_4.vtt
2fdcb85e-8def-4a2d-90ac-17efbbac804b,cy_audio_news_chunk_14_5,,,https://audio-v1.voiceofcyprus.org/audio_chunks/cy_audio_news_chunk_14_5.mp3,https://image.voiceofcyprus.org/OIP-427564143.jpeg,CY-Audio,webvtt,cy_audio_news_chunk_14_5.vtt
b5718340-4846-4161-b775-b0f383d3dec8,cy_audio_news_chunk_14_6,,,https://audio-v1.voiceofcyprus.org/audio_chunks/cy_audio_news_chunk_14_6.mp3,https://image.voiceofcyprus.org/OIP-427564143.jpeg,CY-Audio,webvtt,cy_audio_news_chunk_14_6.vtt
40b4f0df-8524-4c6d-9c8b-f9174eab58d7,cy_audio_news_chunk_14_7,,,https://audio-v1.voiceofcyprus.org/audio_chunks/cy_audio_news_chunk_14_7.mp3,https://image.voiceofcyprus.org/OIP-427564143.jpeg,CY-Audio,webvtt,cy_audio_news_chunk_14_7.vtt
4b5df275-c82f-40dd-88a1-5fd2e6f8bada,cy_audio_news_chunk_14_8,,,https://audio-v1.voiceofcyprus.org/audio_chunks/cy_audio_news_chunk_14_8.mp3,https://image.voiceofcyprus.org/OIP-427564143.jpeg,CY-Audio,webvtt,cy_audio_news_chunk_14_8.vtt
a5f4d521-6605-4d5a-bcc5-f29fab9d5204,cy_audio_news_chunk_14_9,,,https://audio-v1.voiceofcyprus.org/audio_chunks/cy_audio_news_chunk_14_9.mp3,https://image.voiceofcyprus.org/OIP-427564143.jpeg,CY-Audio,webvtt,cy_audio_news_chunk_14_9.vtt
97c4ed62-40d9-4573-8ce7-d735f278710a,cy_audio_news_chunk_15_1,,,https://audio-v1.voiceofcyprus.org/audio_chunks/cy_audio_news_chunk_15_1.mp3,https://image.voiceofcyprus.org/OIP-427564143.jpeg,CY-Audio,webvtt,cy_audio_news_chunk_15_1.vtt
9387f192-e31a-4ff7-84a7-9b4f27804ebf,cy_audio_news_chunk_15_10,,,https://audio-v1.voiceofcyprus.org/audio_chunks/cy_audio_news_chunk_15_10.mp3,https://image.voiceofcyprus.org/OIP-427564143.jpeg,CY-Audio,webvtt,cy_audio_news_chunk_15_10.vtt
65427a65-f5f9-414a-a690-7aaafe73c31b,cy_audio_news_chunk_15_11,,,https://audio-v1.voiceofcyprus.org/audio_chunks/cy_audio_news_chunk_15_11.mp3,https://image.voiceofcyprus.org/OIP-427564143.jpeg,CY-Audio,webvtt,cy_audio_news_chunk_15_11.vtt
c802e2af-10f3-4d4a-abdb-26d85cf0400e,cy_audio_news_chunk_15_12,,,https://audio-v1.voiceofcyprus.org/audio_chunks/cy_audio_news_chunk_15_12.mp3,https://image.voiceofcyprus.org/OIP-427564143.jpeg,CY-Audio,webvtt,cy_audio_news_chunk_15_12.vtt
0633cb7d-4729-4402-a2d5-3f11a79b905f,cy_audio_news_chunk_15_13,,,https://audio-v1.voiceofcyprus.org/audio_chunks/cy_audio_news_chunk_15_13.mp3,https://image.voiceofcyprus.org/OIP-427564143.jpeg,CY-Audio,webvtt,cy_audio_news_chunk_15_13.vtt
511e10a8-022b-4d4a-b927-05c07265ea78,cy_audio_news_chunk_15_14,,,https://audio-v1.voiceofcyprus.org/audio_chunks/cy_audio_news_chunk_15_14.mp3,https://image.voiceofcyprus.org/OIP-427564143.jpeg,CY-Audio,webvtt,cy_audio_news_chunk_15_14.vtt
5394043b-c3db-4145-921a-1e3f297b6750,cy_audio_news_chunk_15_15,,,https://audio-v1.voiceofcyprus.org/audio_chunks/cy_audio_news_chunk_15_15.mp3,https://image.voiceofcyprus.org/OIP-427564143.jpeg,CY-Audio,webvtt,cy_audio_news_chunk_15_15.vtt
d0760fb7-4ebc-4de2-b3be-2c3358cf1e9d,cy_audio_news_chunk_15_16,,,https://audio-v1.voiceofcyprus.org/audio_chunks/cy_audio_news_chunk_15_16.mp3,https://image.voiceofcyprus.org/OIP-427564143.jpeg,CY-Audio,webvtt,cy_audio_news_chunk_15_16.vtt
35bc1cef-dbc3-4684-b1b9-7f73fcf62a4c,cy_audio_news_chunk_15_17,,,https://audio-v1.voiceofcyprus.org/audio_chunks/cy_audio_news_chunk_15_17.mp3,https://image.voiceofcyprus.org/OIP-427564143.jpeg,CY-Audio,webvtt,cy_audio_news_chunk_15_17.vtt
aed45904-0501-4662-a2f1-8d8292f26286,cy_audio_news_chunk_15_18,,,https://audio-v1.voiceofcyprus.org/audio_chunks/cy_audio_news_chunk_15_18.mp3,https://image.voiceofcyprus.org/OIP-427564143.jpeg,CY-Audio,webvtt,cy_audio_news_chunk_15_18.vtt
92c5cc7b-b905-4f37-a4da-61078b57d34c,cy_audio_news_chunk_15_19,,,https://audio-v1.voiceofcyprus.org/audio_chunks/cy_audio_news_chunk_15_19.mp3,https://image.voiceofcyprus.org/OIP-427564143.jpeg,CY-Audio,webvtt,cy_audio_news_chunk_15_19.vtt
3bb7989b-5878-4033-84c3-2d59247f2aca,cy_audio_news_chunk_15_2,,,https://audio-v1.voiceofcyprus.org/audio_chunks/cy_audio_news_chunk_15_2.mp3,https://image.voiceofcyprus.org/OIP-427564143.jpeg,CY-Audio,webvtt,cy_audio_news_chunk_15_2.vtt
0de2b7c3-5df1-47c1-94da-9c20ebae90ac,cy_audio_news_chunk_15_20,,,https://audio-v1.voiceofcyprus.org/audio_chunks/cy_audio_news_chunk_15_20.mp3,https://image.voiceofcyprus.org/OIP-427564143.jpeg,CY-Audio,webvtt,cy_audio_news_chunk_15_20.vtt
c0483ced-34a5-4093-b62e-13f9b5d87581,cy_audio_news_chunk_15_3,,,https://audio-v1.voiceofcyprus.org/audio_chunks/cy_audio_news_chunk_15_3.mp3,https://image.voiceofcyprus.org/OIP-427564143.jpeg,CY-Audio,webvtt,cy_audio_news_chunk_15_3.vtt
af9f0823-1034-4a23-9997-2029a8d2bb29,cy_audio_news_chunk_15_4,,,https://audio-v1.voiceofcyprus.org/audio_chunks/cy_audio_news_chunk_15_4.mp3,https://image.voiceofcyprus.org/OIP-427564143.jpeg,CY-Audio,webvtt,cy_audio_news_chunk_15_4.vtt
26eeeb49-1d07-4a94-a2af-ac8da467f201,cy_audio_news_chunk_15_5,,,https://audio-v1.voiceofcyprus.org/audio_chunks/cy_audio_news_chunk_15_5.mp3,https://image.voiceofcyprus.org/OIP-427564143.jpeg,CY-Audio,webvtt,cy_audio_news_chunk_15_5.vtt
d7d39582-95c2-4918-88b6-3ee9a315b7c5,cy_audio_news_chunk_15_6,,,https://audio-v1.voiceofcyprus.org/audio_chunks/cy_audio_news_chunk_15_6.mp3,https://image.voiceofcyprus.org/OIP-427564143.jpeg,CY-Audio,webvtt,cy_audio_news_chunk_15_6.vtt
10383881-bc72-42dc-bf31-c77fb88eba81,cy_audio_news_chunk_15_7,,,https://audio-v1.voiceofcyprus.org/audio_chunks/cy_audio_news_chunk_15_7.mp3,https://image.voiceofcyprus.org/OIP-427564143.jpeg,CY-Audio,webvtt,cy_audio_news_chunk_15_7.vtt
1220bddc-41d1-4a60-bb42-e137ee3e791b,cy_audio_news_chunk_15_8,,,https://audio-v1.voiceofcyprus.org/audio_chunks/cy_audio_news_chunk_15_8.mp3,https://image.voiceofcyprus.org/OIP-427564143.jpeg,CY-Audio,webvtt,cy_audio_news_chunk_15_8.vtt
361047b2-b485-449c-9e74-bc6d39581c39,cy_audio_news_chunk_15_9,,,https://audio-v1.voiceofcyprus.org/audio_chunks/cy_audio_news_chunk_15_9.mp3,https://image.voiceofcyprus.org/OIP-427564143.jpeg,CY-Audio,webvtt,cy_audio_news_chunk_15_9.vtt
180d63b1-3e1e-429f-b682-cfbf6a58ca4e,cy_audio_news_chunk_16_1,,,https://audio-v1.voiceofcyprus.org/audio_chunks/cy_audio_news_chunk_16_1.mp3,https://image.voiceofcyprus.org/OIP-427564143.jpeg,CY-Audio,webvtt,cy_audio_news_chunk_16_1.vtt
40c6173a-2921-402c-9d71-435e6940b611,cy_audio_news_chunk_16_10,,,https://audio-v1.voiceofcyprus.org/audio_chunks/cy_audio_news_chunk_16_10.mp3,https://image.voiceofcyprus.org/OIP-427564143.jpeg,CY-Audio,webvtt,cy_audio_news_chunk_16_10.vtt
4e0ed7cb-181c-474e-9a6d-d923afdfbdae,cy_audio_news_chunk_16_11,,,https://audio-v1.voiceofcyprus.org/audio_chunks/cy_audio_news_chunk_16_11.mp3,https://image.voiceofcyprus.org/OIP-427564143.jpeg,CY-Audio,webvtt,cy_audio_news_chunk_16_11.vtt
f121dc03-0a51-4d31-bf5b-f611fce745bf,cy_audio_news_chunk_16_12,,,https://audio-v1.voiceofcyprus.org/audio_chunks/cy_audio_news_chunk_16_12.mp3,https://image.voiceofcyprus.org/OIP-427564143.jpeg,CY-Audio,webvtt,cy_audio_news_chunk_16_12.vtt
b95588d7-dd97-4c3d-8bf8-a892bd04091a,cy_audio_news_chunk_16_13,,,https://audio-v1.voiceofcyprus.org/audio_chunks/cy_audio_news_chunk_16_13.mp3,https://image.voiceofcyprus.org/OIP-427564143.jpeg,CY-Audio,webvtt,cy_audio_news_chunk_16_13.vtt
035682dc-1383-4849-a45e-3ee36f8d8368,cy_audio_news_chunk_16_14,,,https://audio-v1.voiceofcyprus.org/audio_chunks/cy_audio_news_chunk_16_14.mp3,https://image.voiceofcyprus.org/OIP-427564143.jpeg,CY-Audio,webvtt,cy_audio_news_chunk_16_14.vtt
d9ba9fdd-a0f2-41ed-86a1-280867bfc916,cy_audio_news_chunk_16_15,,,https://audio-v1.voiceofcyprus.org/audio_chunks/cy_audio_news_chunk_16_15.mp3,https://image.voiceofcyprus.org/OIP-427564143.jpeg,CY-Audio,webvtt,cy_audio_news_chunk_16_15.vtt
cf6f9d82-2c1e-4ca7-95a9-26daa0caf2ff,cy_audio_news_chunk_16_16,,,https://audio-v1.voiceofcyprus.org/audio_chunks/cy_audio_news_chunk_16_16.mp3,https://image.voiceofcyprus.org/OIP-427564143.jpeg,CY-Audio,webvtt,cy_audio_news_chunk_16_16.vtt
adaa87e8-10e8-4e54-92cd-eb8ae11e5b67,cy_audio_news_chunk_16_17,,,https://audio-v1.voiceofcyprus.org/audio_chunks/cy_audio_news_chunk_16_17.mp3,https://image.voiceofcyprus.org/OIP-427564143.jpeg,CY-Audio,webvtt,cy_audio_news_chunk_16_17.vtt
f731df25-c3d7-411c-af59-c7ec44ca3249,cy_audio_news_chunk_16_18,,,https://audio-v1.voiceofcyprus.org/audio_chunks/cy_audio_news_chunk_16_18.mp3,https://image.voiceofcyprus.org/OIP-427564143.jpeg,CY-Audio,webvtt,cy_audio_news_chunk_16_18.vtt
753271de-12e1-4fa7-82fd-68b05226caf2,cy_audio_news_chunk_16_2,,,https://audio-v1.voiceofcyprus.org/audio_chunks/cy_audio_news_chunk_16_2.mp3,https://image.voiceofcyprus.org/OIP-427564143.jpeg,CY-Audio,webvtt,cy_audio_news_chunk_16_2.vtt
cae0b93a-e909-40a9-973d-ecec5c428034,cy_audio_news_chunk_16_3,,,https://audio-v1.voiceofcyprus.org/audio_chunks/cy_audio_news_chunk_16_3.mp3,https://image.voiceofcyprus.org/OIP-427564143.jpeg,CY-Audio,webvtt,cy_audio_news_chunk_16_3.vtt
5b31f501-718e-460c-91a9-12aa0abc21bc,cy_audio_news_chunk_16_4,,,https://audio-v1.voiceofcyprus.org/audio_chunks/cy_audio_news_chunk_16_4.mp3,https://image.voiceofcyprus.org/OIP-427564143.jpeg,CY-Audio,webvtt,cy_audio_news_chunk_16_4.vtt
342f49ea-2d82-4069-b1a1-54e4cf823450,cy_audio_news_chunk_16_5,,,https://audio-v1.voiceofcyprus.org/audio_chunks/cy_audio_news_chunk_16_5.mp3,https://image.voiceofcyprus.org/OIP-427564143.jpeg,CY-Audio,webvtt,cy_audio_news_chunk_16_5.vtt
aa34acad-b835-4baf-9894-224ca9fd509d,cy_audio_news_chunk_16_6,,,https://audio-v1.voiceofcyprus.org/audio_chunks/cy_audio_news_chunk_16_6.mp3,https://image.voiceofcyprus.org/OIP-427564143.jpeg,CY-Audio,webvtt,cy_audio_news_chunk_16_6.vtt
6683eafd-3abf-4a3b-8281-5cdfe4a9e805,cy_audio_news_chunk_16_7,,,https://audio-v1.voiceofcyprus.org/audio_chunks/cy_audio_news_chunk_16_7.mp3,https://image.voiceofcyprus.org/OIP-427564143.jpeg,CY-Audio,webvtt,cy_audio_news_chunk_16_7.vtt
9b3514d7-c1b3-4233-945b-32ad893a41da,cy_audio_news_chunk_16_8,,,https://audio-v1.voiceofcyprus.org/audio_chunks/cy_audio_news_chunk_16_8.mp3,https://image.voiceofcyprus.org/OIP-427564143.jpeg,CY-Audio,webvtt,cy_audio_news_chunk_16_8.vtt
d103eee7-42c4-44b9-b436-30ddfdcda187,cy_audio_news_chunk_16_9,,,https://audio-v1.voiceofcyprus.org/audio_chunks/cy_audio_news_chunk_16_9.mp3,https://image.voiceofcyprus.org/OIP-427564143.jpeg,CY-Audio,webvtt,cy_audio_news_chunk_16_9.vtt
6089933b-6e52-4f07-9e0b-6fded1a42288,cy_audio_news_chunk_17_1,,,https://audio-v1.voiceofcyprus.org/audio_chunks/cy_audio_news_chunk_17_1.mp3,https://image.voiceofcyprus.org/OIP-427564143.jpeg,CY-Audio,webvtt,cy_audio_news_chunk_17_1.vtt
4d69023e-0141-47cc-897c-4d0f61d42bb6,cy_audio_news_chunk_17_10,,,https://audio-v1.voiceofcyprus.org/audio_chunks/cy_audio_news_chunk_17_10.mp3,https://image.voiceofcyprus.org/OIP-427564143.jpeg,CY-Audio,webvtt,cy_audio_news_chunk_17_10.vtt
f5e02b0a-e710-4c60-89bd-f26cc5065dfe,cy_audio_news_chunk_17_11,,,https://audio-v1.voiceofcyprus.org/audio_chunks/cy_audio_news_chunk_17_11.mp3,https://image.voiceofcyprus.org/OIP-427564143.jpeg,CY-Audio,webvtt,cy_audio_news_chunk_17_11.vtt
bc4579d7-b197-4722-b270-ee8ac2ebb4bf,cy_audio_news_chunk_17_12,,,https://audio-v1.voiceofcyprus.org/audio_chunks/cy_audio_news_chunk_17_12.mp3,https://image.voiceofcyprus.org/OIP-427564143.jpeg,CY-Audio,webvtt,cy_audio_news_chunk_17_12.vtt
7eefbcc4-ac6a-4a57-b086-dacc02ae4c0d,cy_audio_news_chunk_17_13,,,https://audio-v1.voiceofcyprus.org/audio_chunks/cy_audio_news_chunk_17_13.mp3,https://image.voiceofcyprus.org/OIP-427564143.jpeg,CY-Audio,webvtt,cy_audio_news_chunk_17_13.vtt
3dc7f61c-e13c-4799-a14b-c12276726819,cy_audio_news_chunk_17_14,,,https://audio-v1.voiceofcyprus.org/audio_chunks/cy_audio_news_chunk_17_14.mp3,https://image.voiceofcyprus.org/OIP-427564143.jpeg,CY-Audio,webvtt,cy_audio_news_chunk_17_14.vtt
9f2582c6-2a6d-4de6-a809-465e185f6d05,cy_audio_news_chunk_17_15,,,https://audio-v1.voiceofcyprus.org/audio_chunks/cy_audio_news_chunk_17_15.mp3,https://image.voiceofcyprus.org/OIP-427564143.jpeg,CY-Audio,webvtt,cy_audio_news_chunk_17_15.vtt
f198eea8-9af8-40d5-9021-a674bb2019fc,cy_audio_news_chunk_17_2,,,https://audio-v1.voiceofcyprus.org/audio_chunks/cy_audio_news_chunk_17_2.mp3,https://image.voiceofcyprus.org/OIP-427564143.jpeg,CY-Audio,webvtt,cy_audio_news_chunk_17_2.vtt
fd39dcf7-ac7f-4b53-a916-e95cf485575c,cy_audio_news_chunk_17_3,,,https://audio-v1.voiceofcyprus.org/audio_chunks/cy_audio_news_chunk_17_3.mp3,https://image.voiceofcyprus.org/OIP-427564143.jpeg,CY-Audio,webvtt,cy_audio_news_chunk_17_3.vtt
0706c877-433d-480f-b2f6-d2cdf654d5dd,cy_audio_news_chunk_17_4,,,https://audio-v1.voiceofcyprus.org/audio_chunks/cy_audio_news_chunk_17_4.mp3,https://image.voiceofcyprus.org/OIP-427564143.jpeg,CY-Audio,webvtt,cy_audio_news_chunk_17_4.vtt
d6a3a900-c0fc-4274-918d-baeaea4f896f,cy_audio_news_chunk_17_5,,,https://audio-v1.voiceofcyprus.org/audio_chunks/cy_audio_news_chunk_17_5.mp3,https://image.voiceofcyprus.org/OIP-427564143.jpeg,CY-Audio,webvtt,cy_audio_news_chunk_17_5.vtt
5af2c67b-d7c2-4452-8686-e2e70d3c2cb3,cy_audio_news_chunk_17_6,,,https://audio-v1.voiceofcyprus.org/audio_chunks/cy_audio_news_chunk_17_6.mp3,https://image.voiceofcyprus.org/OIP-427564143.jpeg,CY-Audio,webvtt,cy_audio_news_chunk_17_6.vtt
25b3e9a5-0a72-4ddf-98fc-a9b485a8dd62,cy_audio_news_chunk_17_7,,,https://audio-v1.voiceofcyprus.org/audio_chunks/cy_audio_news_chunk_17_7.mp3,https://image.voiceofcyprus.org/OIP-427564143.jpeg,CY-Audio,webvtt,cy_audio_news_chunk_17_7.vtt
ef8f7b52-819d-4a81-a27f-2b71f1b1efc3,cy_audio_news_chunk_17_8,,,https://audio-v1.voiceofcyprus.org/audio_chunks/cy_audio_news_chunk_17_8.mp3,https://image.voiceofcyprus.org/OIP-427564143.jpeg,CY-Audio,webvtt,cy_audio_news_chunk_17_8.vtt
e5cb0ee5-1452-4f38-8407-f42628bbc5fe,cy_audio_news_chunk_17_9,,,https://audio-v1.voiceofcyprus.org/audio_chunks/cy_audio_news_chunk_17_9.mp3,https://image.voiceofcyprus.org/OIP-427564143.jpeg,CY-Audio,webvtt,cy_audio_news_chunk_17_9.vtt
cec2aa4b-88d0-4330-a07e-c0d8423f90e2,cy_audio_news_chunk_18_1,,,https://audio-v1.voiceofcyprus.org/audio_chunks/cy_audio_news_chunk_18_1.mp3,https://image.voiceofcyprus.org/OIP-427564143.jpeg,CY-Audio,webvtt,cy_audio_news_chunk_18_1.vtt
1f6db2dd-85b6-4825-9f67-733ce5c5ead1,cy_audio_news_chunk_18_10,,,https://audio-v1.voiceofcyprus.org/audio_chunks/cy_audio_news_chunk_18_10.mp3,https://image.voiceofcyprus.org/OIP-427564143.jpeg,CY-Audio,webvtt,cy_audio_news_chunk_18_10.vtt
510ab800-5762-4e35-ad74-b4ec642860ac,cy_audio_news_chunk_18_11,,,https://audio-v1.voiceofcyprus.org/audio_chunks/cy_audio_news_chunk_18_11.mp3,https://image.voiceofcyprus.org/OIP-427564143.jpeg,CY-Audio,webvtt,cy_audio_news_chunk_18_11.vtt
45a4850d-2c1d-4bed-bfdb-e9139d544029,cy_audio_news_chunk_18_12,,,https://audio-v1.voiceofcyprus.org/audio_chunks/cy_audio_news_chunk_18_12.mp3,https://image.voiceofcyprus.org/OIP-427564143.jpeg,CY-Audio,webvtt,cy_audio_news_chunk_18_12.vtt
ae3ea1a8-c67d-45d9-90ee-bfa8f556ca3a,cy_audio_news_chunk_18_13,,,https://audio-v1.voiceofcyprus.org/audio_chunks/cy_audio_news_chunk_18_13.mp3,https://image.voiceofcyprus.org/OIP-427564143.jpeg,CY-Audio,webvtt,cy_audio_news_chunk_18_13.vtt
a388627d-21e4-43aa-9544-ab306d9326cf,cy_audio_news_chunk_18_14,,,https://audio-v1.voiceofcyprus.org/audio_chunks/cy_audio_news_chunk_18_14.mp3,https://image.voiceofcyprus.org/OIP-427564143.jpeg,CY-Audio,webvtt,cy_audio_news_chunk_18_14.vtt
8fa42974-54ea-45e7-8a92-e28c13b8f413,cy_audio_news_chunk_18_15,,,https://audio-v1.voiceofcyprus.org/audio_chunks/cy_audio_news_chunk_18_15.mp3,https://image.voiceofcyprus.org/OIP-427564143.jpeg,CY-Audio,webvtt,cy_audio_news_chunk_18_15.vtt
1cdb05f7-2cb1-4cf7-bd6a-c87abe8b8764,cy_audio_news_chunk_18_16,,,https://audio-v1.voiceofcyprus.org/audio_chunks/cy_audio_news_chunk_18_16.mp3,https://image.voiceofcyprus.org/OIP-427564143.jpeg,CY-Audio,webvtt,cy_audio_news_chunk_18_16.vtt
181fe861-e3d9-4d5f-bac9-c05fe75a48e7,cy_audio_news_chunk_18_17,,,https://audio-v1.voiceofcyprus.org/audio_chunks/cy_audio_news_chunk_18_17.mp3,https://image.voiceofcyprus.org/OIP-427564143.jpeg,CY-Audio,webvtt,cy_audio_news_chunk_18_17.vtt
d4f96247-5b02-459a-8c7e-93c85c8fda05,cy_audio_news_chunk_18_18,,,https://audio-v1.voiceofcyprus.org/audio_chunks/cy_audio_news_chunk_18_18.mp3,https://image.voiceofcyprus.org/OIP-427564143.jpeg,CY-Audio,webvtt,cy_audio_news_chunk_18_18.vtt
4a989ada-439c-451d-90b2-cee2e591f247,cy_audio_news_chunk_18_19,,,https://audio-v1.voiceofcyprus.org/audio_chunks/cy_audio_news_chunk_18_19.mp3,https://image.voiceofcyprus.org/OIP-427564143.jpeg,CY-Audio,webvtt,cy_audio_news_chunk_18_19.vtt
a8132dee-fe21-42fb-a9ee-bb3a797bbf50,cy_audio_news_chunk_18_2,,,https://audio-v1.voiceofcyprus.org/audio_chunks/cy_audio_news_chunk_18_2.mp3,https://image.voiceofcyprus.org/OIP-427564143.jpeg,CY-Audio,webvtt,cy_audio_news_chunk_18_2.vtt
60e314ba-19db-45c0-af16-8fbfe93228b5,cy_audio_news_chunk_18_3,,,https://audio-v1.voiceofcyprus.org/audio_chunks/cy_audio_news_chunk_18_3.mp3,https://image.voiceofcyprus.org/OIP-427564143.jpeg,CY-Audio,webvtt,cy_audio_news_chunk_18_3.vtt
4810c019-d616-44bb-b207-5a20df125b66,cy_audio_news_chunk_18_4,,,https://audio-v1.voiceofcyprus.org/audio_chunks/cy_audio_news_chunk_18_4.mp3,https://image.voiceofcyprus.org/OIP-427564143.jpeg,CY-Audio,webvtt,cy_audio_news_chunk_18_4.vtt
b7358d68-950d-433d-a8b6-7a3a609bb645,cy_audio_news_chunk_18_5,,,https://audio-v1.voiceofcyprus.org/audio_chunks/cy_audio_news_chunk_18_5.mp3,https://image.voiceofcyprus.org/OIP-427564143.jpeg,CY-Audio,webvtt,cy_audio_news_chunk_18_5.vtt
4fcf884f-6b9b-4772-9ab4-6f45da361c05,cy_audio_news_chunk_18_6,,,https://audio-v1.voiceofcyprus.org/audio_chunks/cy_audio_news_chunk_18_6.mp3,https://image.voiceofcyprus.org/OIP-427564143.jpeg,CY-Audio,webvtt,cy_audio_news_chunk_18_6.vtt
3d4e283b-f0a9-406d-a6d5-ad792e0bcaf2,cy_audio_news_chunk_18_7,,,https://audio-v1.voiceofcyprus.org/audio_chunks/cy_audio_news_chunk_18_7.mp3,https://image.voiceofcyprus.org/OIP-427564143.jpeg,CY-Audio,webvtt,cy_audio_news_chunk_18_7.vtt
e4a9db0a-b0f0-4a1c-bb03-a180ef98882e,cy_audio_news_chunk_18_8,,,https://audio-v1.voiceofcyprus.org/audio_chunks/cy_audio_news_chunk_18_8.mp3,https://image.voiceofcyprus.org/OIP-427564143.jpeg,CY-Audio,webvtt,cy_audio_news_chunk_18_8.vtt
659dc164-28ec-4cb8-9059-62f43d7eb1a6,cy_audio_news_chunk_18_9,,,https://audio-v1.voiceofcyprus.org/audio_chunks/cy_audio_news_chunk_18_9.mp3,https://image.voiceofcyprus.org/OIP-427564143.jpeg,CY-Audio,webvtt,cy_audio_news_chunk_18_9.vtt
d174a016-e34a-4716-9470-7bfed408481b,cy_audio_news_chunk_1_1,,,https://audio-v1.voiceofcyprus.org/audio_chunks/cy_audio_news_chunk_1_1.mp3,https://image.voiceofcyprus.org/OIP-427564143.jpeg,CY-Audio,webvtt,cy_audio_news_chunk_1_1.vtt
bccb25a6-86bb-4d50-a40b-c67c6603a49f,cy_audio_news_chunk_1_10,,,https://audio-v1.voiceofcyprus.org/audio_chunks/cy_audio_news_chunk_1_10.mp3,https://image.voiceofcyprus.org/OIP-427564143.jpeg,CY-Audio,webvtt,cy_audio_news_chunk_1_10.vtt
279ce5fa-85cc-4a70-88b5-daaee7c352b5,cy_audio_news_chunk_1_11,,,https://audio-v1.voiceofcyprus.org/audio_chunks/cy_audio_news_chunk_1_11.mp3,https://image.voiceofcyprus.org/OIP-427564143.jpeg,CY-Audio,webvtt,cy_audio_news_chunk_1_11.vtt
dcdfe7a6-fe5d-4ceb-bc81-520dd89b901e,cy_audio_news_chunk_1_12,,,https://audio-v1.voiceofcyprus.org/audio_chunks/cy_audio_news_chunk_1_12.mp3,https://image.voiceofcyprus.org/OIP-427564143.jpeg,CY-Audio,webvtt,cy_audio_news_chunk_1_12.vtt
fcca1c0b-93ce-46d1-aac0-616ee1423453,cy_audio_news_chunk_1_13,,,https://audio-v1.voiceofcyprus.org/audio_chunks/cy_audio_news_chunk_1_13.mp3,https://image.voiceofcyprus.org/OIP-427564143.jpeg,CY-Audio,webvtt,cy_audio_news_chunk_1_13.vtt
bb96184a-1ea9-44ba-8afe-ef4be1fc335f,cy_audio_news_chunk_1_14,,,https://audio-v1.voiceofcyprus.org/audio_chunks/cy_audio_news_chunk_1_14.mp3,https://image.voiceofcyprus.org/OIP-427564143.jpeg,CY-Audio,webvtt,cy_audio_news_chunk_1_14.vtt
219f2459-53df-492c-a565-8781c1cdee9d,cy_audio_news_chunk_1_15,,,https://audio-v1.voiceofcyprus.org/audio_chunks/cy_audio_news_chunk_1_15.mp3,https://image.voiceofcyprus.org/OIP-427564143.jpeg,CY-Audio,webvtt,cy_audio_news_chunk_1_15.vtt
50a0dc63-c34b-4ba3-a303-a0c82b4918bd,cy_audio_news_chunk_1_16,,,https://audio-v1.voiceofcyprus.org/audio_chunks/cy_audio_news_chunk_1_16.mp3,https://image.voiceofcyprus.org/OIP-427564143.jpeg,CY-Audio,webvtt,cy_audio_news_chunk_1_16.vtt
53da9129-4070-4748-bc0b-13b579a8063c,cy_audio_news_chunk_1_17,,,https://audio-v1.voiceofcyprus.org/audio_chunks/cy_audio_news_chunk_1_17.mp3,https://image.voiceofcyprus.org/OIP-427564143.jpeg,CY-Audio,webvtt,cy_audio_news_chunk_1_17.vtt
4419b83c-6b5a-4d1d-a17e-3c83dd8d1eb8,cy_audio_news_chunk_1_18,,,https://audio-v1.voiceofcyprus.org/audio_chunks/cy_audio_news_chunk_1_18.mp3,https://image.voiceofcyprus.org/OIP-427564143.jpeg,CY-Audio,webvtt,cy_audio_news_chunk_1_18.vtt
8193c4a4-f60b-4460-9e6d-c10042cf8412,cy_audio_news_chunk_1_19,,,https://audio-v1.voiceofcyprus.org/audio_chunks/cy_audio_news_chunk_1_19.mp3,https://image.voiceofcyprus.org/OIP-427564143.jpeg,CY-Audio,webvtt,cy_audio_news_chunk_1_19.vtt
bf6c170a-1208-4c8b-a37a-069074996769,cy_audio_news_chunk_1_2,,,https://audio-v1.voiceofcyprus.org/audio_chunks/cy_audio_news_chunk_1_2.mp3,https://image.voiceofcyprus.org/OIP-427564143.jpeg,CY-Audio,webvtt,cy_audio_news_chunk_1_2.vtt
72a8a267-32f1-499a-9268-d36a94edd2da,cy_audio_news_chunk_1_20,,,https://audio-v1.voiceofcyprus.org/audio_chunks/cy_audio_news_chunk_1_20.mp3,https://image.voiceofcyprus.org/OIP-427564143.jpeg,CY-Audio,webvtt,cy_audio_news_chunk_1_20.vtt
d28ee315-635a-4e96-b5db-82ae0260a136,cy_audio_news_chunk_1_21,,,https://audio-v1.voiceofcyprus.org/audio_chunks/cy_audio_news_chunk_1_21.mp3,https://image.voiceofcyprus.org/OIP-427564143.jpeg,CY-Audio,webvtt,cy_audio_news_chunk_1_21.vtt
18f6e376-2267-4f10-a5f3-195283d360df,cy_audio_news_chunk_1_3,,,https://audio-v1.voiceofcyprus.org/audio_chunks/cy_audio_news_chunk_1_3.mp3,https://image.voiceofcyprus.org/OIP-427564143.jpeg,CY-Audio,webvtt,cy_audio_news_chunk_1_3.vtt
0e66d3f7-e1fe-4df0-964c-5165409e1a34,cy_audio_news_chunk_1_4,,,https://audio-v1.voiceofcyprus.org/audio_chunks/cy_audio_news_chunk_1_4.mp3,https://image.voiceofcyprus.org/OIP-427564143.jpeg,CY-Audio,webvtt,cy_audio_news_chunk_1_4.vtt
7a8afad2-6e96-4932-8507-20e84ab4d845,cy_audio_news_chunk_1_5,,,https://audio-v1.voiceofcyprus.org/audio_chunks/cy_audio_news_chunk_1_5.mp3,https://image.voiceofcyprus.org/OIP-427564143.jpeg,CY-Audio,webvtt,cy_audio_news_chunk_1_5.vtt
6f46b2c1-9f74-4945-a566-d9709209d5fb,cy_audio_news_chunk_1_6,,,https://audio-v1.voiceofcyprus.org/audio_chunks/cy_audio_news_chunk_1_6.mp3,https://image.voiceofcyprus.org/OIP-427564143.jpeg,CY-Audio,webvtt,cy_audio_news_chunk_1_6.vtt
d4850f2a-0fd3-46f7-8bb5-aa4489ed6493,cy_audio_news_chunk_1_7,,,https://audio-v1.voiceofcyprus.org/audio_chunks/cy_audio_news_chunk_1_7.mp3,https://image.voiceofcyprus.org/OIP-427564143.jpeg,CY-Audio,webvtt,cy_audio_news_chunk_1_7.vtt
f4800f7a-3d4e-48d6-a410-efaba74fef89,cy_audio_news_chunk_1_8,,,https://audio-v1.voiceofcyprus.org/audio_chunks/cy_audio_news_chunk_1_8.mp3,https://image.voiceofcyprus.org/OIP-427564143.jpeg,CY-Audio,webvtt,cy_audio_news_chunk_1_8.vtt
3e3fa40f-7214-4b14-8bfc-e233803f1394,cy_audio_news_chunk_1_9,,,https://audio-v1.voiceofcyprus.org/audio_chunks/cy_audio_news_chunk_1_9.mp3,https://image.voiceofcyprus.org/OIP-427564143.jpeg,CY-Audio,webvtt,cy_audio_news_chunk_1_9.vtt
d47f0ed3-a4af-47dc-a18e-3f080237204f,cy_audio_news_chunk_2_1,,,https://audio-v1.voiceofcyprus.org/audio_chunks/cy_audio_news_chunk_2_1.mp3,https://image.voiceofcyprus.org/OIP-427564143.jpeg,CY-Audio,webvtt,cy_audio_news_chunk_2_1.vtt
ad513487-11ee-498a-9b5d-4c7cef93c5f4,cy_audio_news_chunk_2_10,,,https://audio-v1.voiceofcyprus.org/audio_chunks/cy_audio_news_chunk_2_10.mp3,https://image.voiceofcyprus.org/OIP-427564143.jpeg,CY-Audio,webvtt,cy_audio_news_chunk_2_10.vtt
3de03514-a2bb-4e5b-9160-086302ddfc50,cy_audio_news_chunk_2_11,,,https://audio-v1.voiceofcyprus.org/audio_chunks/cy_audio_news_chunk_2_11.mp3,https://image.voiceofcyprus.org/OIP-427564143.jpeg,CY-Audio,webvtt,cy_audio_news_chunk_2_11.vtt
7630973c-38be-41d8-a21d-d43eaad30198,cy_audio_news_chunk_2_12,,,https://audio-v1.voiceofcyprus.org/audio_chunks/cy_audio_news_chunk_2_12.mp3,https://image.voiceofcyprus.org/OIP-427564143.jpeg,CY-Audio,webvtt,cy_audio_news_chunk_2_12.vtt
2fd8105b-cef5-4834-9f02-c485cfcdf8d8,cy_audio_news_chunk_2_13,,,https://audio-v1.voiceofcyprus.org/audio_chunks/cy_audio_news_chunk_2_13.mp3,https://image.voiceofcyprus.org/OIP-427564143.jpeg,CY-Audio,webvtt,cy_audio_news_chunk_2_13.vtt
68ef63f0-5953-40bb-9d34-80e886680264,cy_audio_news_chunk_2_14,,,https://audio-v1.voiceofcyprus.org/audio_chunks/cy_audio_news_chunk_2_14.mp3,https://image.voiceofcyprus.org/OIP-427564143.jpeg,CY-Audio,webvtt,cy_audio_news_chunk_2_14.vtt
75369106-971f-462a-bdab-f7c1e78233d2,cy_audio_news_chunk_2_15,,,https://audio-v1.voiceofcyprus.org/audio_chunks/cy_audio_news_chunk_2_15.mp3,https://image.voiceofcyprus.org/OIP-427564143.jpeg,CY-Audio,webvtt,cy_audio_news_chunk_2_15.vtt
ad0a6e44-e8bd-49fe-b0a4-149fb65cb6fa,cy_audio_news_chunk_2_16,,,https://audio-v1.voiceofcyprus.org/audio_chunks/cy_audio_news_chunk_2_16.mp3,https://image.voiceofcyprus.org/OIP-427564143.jpeg,CY-Audio,webvtt,cy_audio_news_chunk_2_16.vtt
aed5a75d-86cb-47ae-ac1d-45f36bafe70a,cy_audio_news_chunk_2_17,,,https://audio-v1.voiceofcyprus.org/audio_chunks/cy_audio_news_chunk_2_17.mp3,https://image.voiceofcyprus.org/OIP-427564143.jpeg,CY-Audio,webvtt,cy_audio_news_chunk_2_17.vtt
5c2227dd-b490-4e8e-9ca7-28c7957f5cce,cy_audio_news_chunk_2_18,,,https://audio-v1.voiceofcyprus.org/audio_chunks/cy_audio_news_chunk_2_18.mp3,https://image.voiceofcyprus.org/OIP-427564143.jpeg,CY-Audio,webvtt,cy_audio_news_chunk_2_18.vtt
27f084b6-02b9-4808-9720-de2bd8aedd62,cy_audio_news_chunk_2_19,,,https://audio-v1.voiceofcyprus.org/audio_chunks/cy_audio_news_chunk_2_19.mp3,https://image.voiceofcyprus.org/OIP-427564143.jpeg,CY-Audio,webvtt,cy_audio_news_chunk_2_19.vtt
f227aca7-f352-4b4f-8c33-e8f7ca1b5f31,cy_audio_news_chunk_2_2,,,https://audio-v1.voiceofcyprus.org/audio_chunks/cy_audio_news_chunk_2_2.mp3,https://image.voiceofcyprus.org/OIP-427564143.jpeg,CY-Audio,webvtt,cy_audio_news_chunk_2_2.vtt
b90d9cd0-a253-4c31-8531-a9143292b1e0,cy_audio_news_chunk_2_20,,,https://audio-v1.voiceofcyprus.org/audio_chunks/cy_audio_news_chunk_2_20.mp3,https://image.voiceofcyprus.org/OIP-427564143.jpeg,CY-Audio,webvtt,cy_audio_news_chunk_2_20.vtt
adbfb4eb-7360-435a-ab14-fc76bc2dc7c9,cy_audio_news_chunk_2_21,,,https://audio-v1.voiceofcyprus.org/audio_chunks/cy_audio_news_chunk_2_21.mp3,https://image.voiceofcyprus.org/OIP-427564143.jpeg,CY-Audio,webvtt,cy_audio_news_chunk_2_21.vtt
aaa5ac61-aeef-46dc-85d9-db14992a0a9b,cy_audio_news_chunk_2_3,,,https://audio-v1.voiceofcyprus.org/audio_chunks/cy_audio_news_chunk_2_3.mp3,https://image.voiceofcyprus.org/OIP-427564143.jpeg,CY-Audio,webvtt,cy_audio_news_chunk_2_3.vtt
fc309c1e-a666-4597-a677-3e54d57ac4fc,cy_audio_news_chunk_2_4,,,https://audio-v1.voiceofcyprus.org/audio_chunks/cy_audio_news_chunk_2_4.mp3,https://image.voiceofcyprus.org/OIP-427564143.jpeg,CY-Audio,webvtt,cy_audio_news_chunk_2_4.vtt
041f13c8-43c9-468c-a3e5-20e0ad05738c,cy_audio_news_chunk_2_5,,,https://audio-v1.voiceofcyprus.org/audio_chunks/cy_audio_news_chunk_2_5.mp3,https://image.voiceofcyprus.org/OIP-427564143.jpeg,CY-Audio,webvtt,cy_audio_news_chunk_2_5.vtt
2d7799a6-ccac-4f7f-9a7f-f9bc4c95fc76,cy_audio_news_chunk_2_6,,,https://audio-v1.voiceofcyprus.org/audio_chunks/cy_audio_news_chunk_2_6.mp3,https://image.voiceofcyprus.org/OIP-427564143.jpeg,CY-Audio,webvtt,cy_audio_news_chunk_2_6.vtt
2694a1e7-483b-4119-9785-152e8800d8e9,cy_audio_news_chunk_2_7,,,https://audio-v1.voiceofcyprus.org/audio_chunks/cy_audio_news_chunk_2_7.mp3,https://image.voiceofcyprus.org/OIP-427564143.jpeg,CY-Audio,webvtt,cy_audio_news_chunk_2_7.vtt
4c167725-0265-442b-af85-7b69a1fe7038,cy_audio_news_chunk_2_8,,,https://audio-v1.voiceofcyprus.org/audio_chunks/cy_audio_news_chunk_2_8.mp3,https://image.voiceofcyprus.org/OIP-427564143.jpeg,CY-Audio,webvtt,cy_audio_news_chunk_2_8.vtt
8c7410be-dadc-47cb-937b-999cad0b0aff,cy_audio_news_chunk_2_9,,,https://audio-v1.voiceofcyprus.org/audio_chunks/cy_audio_news_chunk_2_9.mp3,https://image.voiceofcyprus.org/OIP-427564143.jpeg,CY-Audio,webvtt,cy_audio_news_chunk_2_9.vtt
d03d5cbc-38a6-463c-841e-7e705feb28de,cy_audio_news_chunk_3_1,,,https://audio-v1.voiceofcyprus.org/audio_chunks/cy_audio_news_chunk_3_1.mp3,https://image.voiceofcyprus.org/OIP-427564143.jpeg,CY-Audio,webvtt,cy_audio_news_chunk_3_1.vtt
624eaf99-2180-433e-9cdc-461794d3b69f,cy_audio_news_chunk_3_10,,,https://audio-v1.voiceofcyprus.org/audio_chunks/cy_audio_news_chunk_3_10.mp3,https://image.voiceofcyprus.org/OIP-427564143.jpeg,CY-Audio,webvtt,cy_audio_news_chunk_3_10.vtt
a8742629-594a-4bec-a927-fa3f4587f134,cy_audio_news_chunk_3_11,,,https://audio-v1.voiceofcyprus.org/audio_chunks/cy_audio_news_chunk_3_11.mp3,https://image.voiceofcyprus.org/OIP-427564143.jpeg,CY-Audio,webvtt,cy_audio_news_chunk_3_11.vtt
bde20192-bc44-4aae-85c8-b18e2a88ef8f,cy_audio_news_chunk_3_12,,,https://audio-v1.voiceofcyprus.org/audio_chunks/cy_audio_news_chunk_3_12.mp3,https://image.voiceofcyprus.org/OIP-427564143.jpeg,CY-Audio,webvtt,cy_audio_news_chunk_3_12.vtt
513f04d2-d2d7-4094-a1bc-1e75f7f07d6b,cy_audio_news_chunk_3_13,,,https://audio-v1.voiceofcyprus.org/audio_chunks/cy_audio_news_chunk_3_13.mp3,https://image.voiceofcyprus.org/OIP-427564143.jpeg,CY-Audio,webvtt,cy_audio_news_chunk_3_13.vtt
d5233708-c6bd-48f0-b85c-72fe3f6ff673,cy_audio_news_chunk_3_14,,,https://audio-v1.voiceofcyprus.org/audio_chunks/cy_audio_news_chunk_3_14.mp3,https://image.voiceofcyprus.org/OIP-427564143.jpeg,CY-Audio,webvtt,cy_audio_news_chunk_3_14.vtt
b61d89ea-48a5-4d5a-b86b-df1273a3edfc,cy_audio_news_chunk_3_15,,,https://audio-v1.voiceofcyprus.org/audio_chunks/cy_audio_news_chunk_3_15.mp3,https://image.voiceofcyprus.org/OIP-427564143.jpeg,CY-Audio,webvtt,cy_audio_news_chunk_3_15.vtt
2b1b050d-6611-4df3-b4fc-d06ba590ea8e,cy_audio_news_chunk_3_16,,,https://audio-v1.voiceofcyprus.org/audio_chunks/cy_audio_news_chunk_3_16.mp3,https://image.voiceofcyprus.org/OIP-427564143.jpeg,CY-Audio,webvtt,cy_audio_news_chunk_3_16.vtt
f1b965ec-1b6f-43e9-9b51-ea3cb6b8c87f,cy_audio_news_chunk_3_17,,,https://audio-v1.voiceofcyprus.org/audio_chunks/cy_audio_news_chunk_3_17.mp3,https://image.voiceofcyprus.org/OIP-427564143.jpeg,CY-Audio,webvtt,cy_audio_news_chunk_3_17.vtt
31c3ee5c-b899-4854-91f2-72433cb3e2de,cy_audio_news_chunk_3_18,,,https://audio-v1.voiceofcyprus.org/audio_chunks/cy_audio_news_chunk_3_18.mp3,https://image.voiceofcyprus.org/OIP-427564143.jpeg,CY-Audio,webvtt,cy_audio_news_chunk_3_18.vtt
2652a25c-149d-4da5-98f9-f8995c17c493,cy_audio_news_chunk_3_19,,,https://audio-v1.voiceofcyprus.org/audio_chunks/cy_audio_news_chunk_3_19.mp3,https://image.voiceofcyprus.org/OIP-427564143.jpeg,CY-Audio,webvtt,cy_audio_news_chunk_3_19.vtt
0a71f96f-64f1-4d36-b892-f5e0bbfc2144,cy_audio_news_chunk_3_2,,,https://audio-v1.voiceofcyprus.org/audio_chunks/cy_audio_news_chunk_3_2.mp3,https://image.voiceofcyprus.org/OIP-427564143.jpeg,CY-Audio,webvtt,cy_audio_news_chunk_3_2.vtt
36ff3a63-d913-4e6a-aca1-f20f7e802541,cy_audio_news_chunk_3_20,,,https://audio-v1.voiceofcyprus.org/audio_chunks/cy_audio_news_chunk_3_20.mp3,https://image.voiceofcyprus.org/OIP-427564143.jpeg,CY-Audio,webvtt,cy_audio_news_chunk_3_20.vtt
e0cc19b6-18c7-4214-b04f-f80868d6347d,cy_audio_news_chunk_3_3,,,https://audio-v1.voiceofcyprus.org/audio_chunks/cy_audio_news_chunk_3_3.mp3,https://image.voiceofcyprus.org/OIP-427564143.jpeg,CY-Audio,webvtt,cy_audio_news_chunk_3_3.vtt
d923e468-1bec-438b-94c4-ea12cb3fda58,cy_audio_news_chunk_3_4,,,https://audio-v1.voiceofcyprus.org/audio_chunks/cy_audio_news_chunk_3_4.mp3,https://image.voiceofcyprus.org/OIP-427564143.jpeg,CY-Audio,webvtt,cy_audio_news_chunk_3_4.vtt
d20e9f3e-77cf-45d6-92a7-eb047b683067,cy_audio_news_chunk_3_5,,,https://audio-v1.voiceofcyprus.org/audio_chunks/cy_audio_news_chunk_3_5.mp3,https://image.voiceofcyprus.org/OIP-427564143.jpeg,CY-Audio,webvtt,cy_audio_news_chunk_3_5.vtt
a087f411-7d6a-4d3a-a539-45060052ad6b,cy_audio_news_chunk_3_6,,,https://audio-v1.voiceofcyprus.org/audio_chunks/cy_audio_news_chunk_3_6.mp3,https://image.voiceofcyprus.org/OIP-427564143.jpeg,CY-Audio,webvtt,cy_audio_news_chunk_3_6.vtt
8d40e977-20d3-445f-bdde-125e83c875f0,cy_audio_news_chunk_3_7,,,https://audio-v1.voiceofcyprus.org/audio_chunks/cy_audio_news_chunk_3_7.mp3,https://image.voiceofcyprus.org/OIP-427564143.jpeg,CY-Audio,webvtt,cy_audio_news_chunk_3_7.vtt
eab74810-7d21-4407-96ed-04fbea6ffa35,cy_audio_news_chunk_3_8,,,https://audio-v1.voiceofcyprus.org/audio_chunks/cy_audio_news_chunk_3_8.mp3,https://image.voiceofcyprus.org/OIP-427564143.jpeg,CY-Audio,webvtt,cy_audio_news_chunk_3_8.vtt
19229d92-3067-4639-a082-4a6ccbae0064,cy_audio_news_chunk_3_9,,,https://audio-v1.voiceofcyprus.org/audio_chunks/cy_audio_news_chunk_3_9.mp3,https://image.voiceofcyprus.org/OIP-427564143.jpeg,CY-Audio,webvtt,cy_audio_news_chunk_3_9.vtt
4c4c089f-6c06-45fb-92c0-3c6ff66d1f52,cy_audio_news_chunk_4_1,,,https://audio-v1.voiceofcyprus.org/audio_chunks/cy_audio_news_chunk_4_1.mp3,https://image.voiceofcyprus.org/OIP-427564143.jpeg,CY-Audio,webvtt,cy_audio_news_chunk_4_1.vtt
00d177e8-39c5-49ac-b380-9ec0cbe1fe54,cy_audio_news_chunk_4_10,,,https://audio-v1.voiceofcyprus.org/audio_chunks/cy_audio_news_chunk_4_10.mp3,https://image.voiceofcyprus.org/OIP-427564143.jpeg,CY-Audio,webvtt,cy_audio_news_chunk_4_10.vtt
131059d3-ac3c-4516-8246-3aa928dd548e,cy_audio_news_chunk_4_11,,,https://audio-v1.voiceofcyprus.org/audio_chunks/cy_audio_news_chunk_4_11.mp3,https://image.voiceofcyprus.org/OIP-427564143.jpeg,CY-Audio,webvtt,cy_audio_news_chunk_4_11.vtt
e9eb5e57-78ae-4a28-9dc2-db6c48ede682,cy_audio_news_chunk_4_12,,,https://audio-v1.voiceofcyprus.org/audio_chunks/cy_audio_news_chunk_4_12.mp3,https://image.voiceofcyprus.org/OIP-427564143.jpeg,CY-Audio,webvtt,cy_audio_news_chunk_4_12.vtt
1446a10c-b114-4e08-8d90-c1f1f7cf1192,cy_audio_news_chunk_4_13,,,https://audio-v1.voiceofcyprus.org/audio_chunks/cy_audio_news_chunk_4_13.mp3,https://image.voiceofcyprus.org/OIP-427564143.jpeg,CY-Audio,webvtt,cy_audio_news_chunk_4_13.vtt
3b1a6efb-2ba3-48d2-979f-61d49f95c746,cy_audio_news_chunk_4_14,,,https://audio-v1.voiceofcyprus.org/audio_chunks/cy_audio_news_chunk_4_14.mp3,https://image.voiceofcyprus.org/OIP-427564143.jpeg,CY-Audio,webvtt,cy_audio_news_chunk_4_14.vtt
e6e04a22-55b3-4e54-b621-b59daadc559d,cy_audio_news_chunk_4_15,,,https://audio-v1.voiceofcyprus.org/audio_chunks/cy_audio_news_chunk_4_15.mp3,https://image.voiceofcyprus.org/OIP-427564143.jpeg,CY-Audio,webvtt,cy_audio_news_chunk_4_15.vtt
2e6fc9d8-7fd2-4f75-8981-4bcc23c34da2,cy_audio_news_chunk_4_16,,,https://audio-v1.voiceofcyprus.org/audio_chunks/cy_audio_news_chunk_4_16.mp3,https://image.voiceofcyprus.org/OIP-427564143.jpeg,CY-Audio,webvtt,cy_audio_news_chunk_4_16.vtt
7dbcce17-6d0d-4f6f-8906-ea4a5f18eddb,cy_audio_news_chunk_4_17,,,https://audio-v1.voiceofcyprus.org/audio_chunks/cy_audio_news_chunk_4_17.mp3,https://image.voiceofcyprus.org/OIP-427564143.jpeg,CY-Audio,webvtt,cy_audio_news_chunk_4_17.vtt
871cf863-d969-4c9b-8b26-2fbfb438052f,cy_audio_news_chunk_4_18,,,https://audio-v1.voiceofcyprus.org/audio_chunks/cy_audio_news_chunk_4_18.mp3,https://image.voiceofcyprus.org/OIP-427564143.jpeg,CY-Audio,webvtt,cy_audio_news_chunk_4_18.vtt
652c5c87-399f-480b-ba8a-ac0f068148ec,cy_audio_news_chunk_4_2,,,https://audio-v1.voiceofcyprus.org/audio_chunks/cy_audio_news_chunk_4_2.mp3,https://image.voiceofcyprus.org/OIP-427564143.jpeg,CY-Audio,webvtt,cy_audio_news_chunk_4_2.vtt
dc453250-1100-44b2-807f-6ea4cd929cf0,cy_audio_news_chunk_4_3,,,https://audio-v1.voiceofcyprus.org/audio_chunks/cy_audio_news_chunk_4_3.mp3,https://image.voiceofcyprus.org/OIP-427564143.jpeg,CY-Audio,webvtt,cy_audio_news_chunk_4_3.vtt
319ad049-f0ca-40fa-b564-683bdc4c2fef,cy_audio_news_chunk_4_4,,,https://audio-v1.voiceofcyprus.org/audio_chunks/cy_audio_news_chunk_4_4.mp3,https://image.voiceofcyprus.org/OIP-427564143.jpeg,CY-Audio,webvtt,cy_audio_news_chunk_4_4.vtt
3d031fca-7a9e-4b2f-b6b8-cfa2b7bbc218,cy_audio_news_chunk_4_5,,,https://audio-v1.voiceofcyprus.org/audio_chunks/cy_audio_news_chunk_4_5.mp3,https://image.voiceofcyprus.org/OIP-427564143.jpeg,CY-Audio,webvtt,cy_audio_news_chunk_4_5.vtt
98f6e1f5-84f4-441e-9afd-a5ac532b8a48,cy_audio_news_chunk_4_6,,,https://audio-v1.voiceofcyprus.org/audio_chunks/cy_audio_news_chunk_4_6.mp3,https://image.voiceofcyprus.org/OIP-427564143.jpeg,CY-Audio,webvtt,cy_audio_news_chunk_4_6.vtt
f5a0a631-4018-4efa-86fb-710fbb81a88f,cy_audio_news_chunk_4_7,,,https://audio-v1.voiceofcyprus.org/audio_chunks/cy_audio_news_chunk_4_7.mp3,https://image.voiceofcyprus.org/OIP-427564143.jpeg,CY-Audio,webvtt,cy_audio_news_chunk_4_7.vtt
6a4ad2f3-1f4c-4db2-9bfe-ee11267829b2,cy_audio_news_chunk_4_8,,,https://audio-v1.voiceofcyprus.org/audio_chunks/cy_audio_news_chunk_4_8.mp3,https://image.voiceofcyprus.org/OIP-427564143.jpeg,CY-Audio,webvtt,cy_audio_news_chunk_4_8.vtt
fb1af1fa-dcf0-48c5-ac71-ad6d0a754864,cy_audio_news_chunk_4_9,,,https://audio-v1.voiceofcyprus.org/audio_chunks/cy_audio_news_chunk_4_9.mp3,https://image.voiceofcyprus.org/OIP-427564143.jpeg,CY-Audio,webvtt,cy_audio_news_chunk_4_9.vtt
6c76ed2b-fd6c-49dd-927e-8eab85362faa,cy_audio_news_chunk_5_1,,,https://audio-v1.voiceofcyprus.org/audio_chunks/cy_audio_news_chunk_5_1.mp3,https://image.voiceofcyprus.org/OIP-427564143.jpeg,CY-Audio,webvtt,cy_audio_news_chunk_5_1.vtt
6a1c2f4d-63e1-41d6-988e-1a62e308b113,cy_audio_news_chunk_5_10,,,https://audio-v1.voiceofcyprus.org/audio_chunks/cy_audio_news_chunk_5_10.mp3,https://image.voiceofcyprus.org/OIP-427564143.jpeg,CY-Audio,webvtt,cy_audio_news_chunk_5_10.vtt
786b7a07-088b-4fbb-add8-053efcebb10c,cy_audio_news_chunk_5_11,,,https://audio-v1.voiceofcyprus.org/audio_chunks/cy_audio_news_chunk_5_11.mp3,https://image.voiceofcyprus.org/OIP-427564143.jpeg,CY-Audio,webvtt,cy_audio_news_chunk_5_11.vtt
839759af-e53a-4399-9858-062ef5a563b5,cy_audio_news_chunk_5_12,,,https://audio-v1.voiceofcyprus.org/audio_chunks/cy_audio_news_chunk_5_12.mp3,https://image.voiceofcyprus.org/OIP-427564143.jpeg,CY-Audio,webvtt,cy_audio_news_chunk_5_12.vtt
66ba754f-dd88-4897-a684-f4717fa4206c,cy_audio_news_chunk_5_13,,,https://audio-v1.voiceofcyprus.org/audio_chunks/cy_audio_news_chunk_5_13.mp3,https://image.voiceofcyprus.org/OIP-427564143.jpeg,CY-Audio,webvtt,cy_audio_news_chunk_5_13.vtt
fdd1bb41-cb58-47a1-b68e-8261f44a1477,cy_audio_news_chunk_5_14,,,https://audio-v1.voiceofcyprus.org/audio_chunks/cy_audio_news_chunk_5_14.mp3,https://image.voiceofcyprus.org/OIP-427564143.jpeg,CY-Audio,webvtt,cy_audio_news_chunk_5_14.vtt
3d94d21d-f51d-420b-964d-f7c815e648bc,cy_audio_news_chunk_5_15,,,https://audio-v1.voiceofcyprus.org/audio_chunks/cy_audio_news_chunk_5_15.mp3,https://image.voiceofcyprus.org/OIP-427564143.jpeg,CY-Audio,webvtt,cy_audio_news_chunk_5_15.vtt
4e466381-05c3-4928-892e-fe48fe8bc4a3,cy_audio_news_chunk_5_16,,,https://audio-v1.voiceofcyprus.org/audio_chunks/cy_audio_news_chunk_5_16.mp3,https://image.voiceofcyprus.org/OIP-427564143.jpeg,CY-Audio,webvtt,cy_audio_news_chunk_5_16.vtt
e674c884-615e-474f-8447-6685ca9e0551,cy_audio_news_chunk_5_17,,,https://audio-v1.voiceofcyprus.org/audio_chunks/cy_audio_news_chunk_5_17.mp3,https://image.voiceofcyprus.org/OIP-427564143.jpeg,CY-Audio,webvtt,cy_audio_news_chunk_5_17.vtt
03c4ca0c-6e3a-46a1-8a61-367f0ffceac5,cy_audio_news_chunk_5_18,,,https://audio-v1.voiceofcyprus.org/audio_chunks/cy_audio_news_chunk_5_18.mp3,https://image.voiceofcyprus.org/OIP-427564143.jpeg,CY-Audio,webvtt,cy_audio_news_chunk_5_18.vtt
1b3b4c0f-1bdf-4f44-b664-78c1a73cf92f,cy_audio_news_chunk_5_19,,,https://audio-v1.voiceofcyprus.org/audio_chunks/cy_audio_news_chunk_5_19.mp3,https://image.voiceofcyprus.org/OIP-427564143.jpeg,CY-Audio,webvtt,cy_audio_news_chunk_5_19.vtt
6a47b6e7-d3b0-4dc3-a5ec-04cffdd61c3d,cy_audio_news_chunk_5_2,,,https://audio-v1.voiceofcyprus.org/audio_chunks/cy_audio_news_chunk_5_2.mp3,https://image.voiceofcyprus.org/OIP-427564143.jpeg,CY-Audio,webvtt,cy_audio_news_chunk_5_2.vtt
4dca9c93-c806-4481-8faa-bbd2cae598ac,cy_audio_news_chunk_5_20,,,https://audio-v1.voiceofcyprus.org/audio_chunks/cy_audio_news_chunk_5_20.mp3,https://image.voiceofcyprus.org/OIP-427564143.jpeg,CY-Audio,webvtt,cy_audio_news_chunk_5_20.vtt
59ca3471-0934-4207-a9d1-194771a24884,cy_audio_news_chunk_5_21,,,https://audio-v1.voiceofcyprus.org/audio_chunks/cy_audio_news_chunk_5_21.mp3,https://image.voiceofcyprus.org/OIP-427564143.jpeg,CY-Audio,webvtt,cy_audio_news_chunk_5_21.vtt
091b7eda-2949-4c5a-8184-423bb1a9d731,cy_audio_news_chunk_5_22,,,https://audio-v1.voiceofcyprus.org/audio_chunks/cy_audio_news_chunk_5_22.mp3,https://image.voiceofcyprus.org/OIP-427564143.jpeg,CY-Audio,webvtt,cy_audio_news_chunk_5_22.vtt
45a4f0f9-9602-4f83-b3c1-ab40447c41aa,cy_audio_news_chunk_5_23,,,https://audio-v1.voiceofcyprus.org/audio_chunks/cy_audio_news_chunk_5_23.mp3,https://image.voiceofcyprus.org/OIP-427564143.jpeg,CY-Audio,webvtt,cy_audio_news_chunk_5_23.vtt
500f31bb-4de8-4b9f-a996-20a9d7394679,cy_audio_news_chunk_5_24,,,https://audio-v1.voiceofcyprus.org/audio_chunks/cy_audio_news_chunk_5_24.mp3,https://image.voiceofcyprus.org/OIP-427564143.jpeg,CY-Audio,webvtt,cy_audio_news_chunk_5_24.vtt
54b0f4c9-6b55-479d-ad1f-43a7c9633266,cy_audio_news_chunk_5_3,,,https://audio-v1.voiceofcyprus.org/audio_chunks/cy_audio_news_chunk_5_3.mp3,https://image.voiceofcyprus.org/OIP-427564143.jpeg,CY-Audio,webvtt,cy_audio_news_chunk_5_3.vtt
06d30e75-562a-4640-b843-554011c3a7a0,cy_audio_news_chunk_5_4,,,https://audio-v1.voiceofcyprus.org/audio_chunks/cy_audio_news_chunk_5_4.mp3,https://image.voiceofcyprus.org/OIP-427564143.jpeg,CY-Audio,webvtt,cy_audio_news_chunk_5_4.vtt
e89eae89-5f7d-4389-ac1d-e417b4df192a,cy_audio_news_chunk_5_5,,,https://audio-v1.voiceofcyprus.org/audio_chunks/cy_audio_news_chunk_5_5.mp3,https://image.voiceofcyprus.org/OIP-427564143.jpeg,CY-Audio,webvtt,cy_audio_news_chunk_5_5.vtt
86fc18c5-f54d-4a9d-927a-c3142d7cebfb,cy_audio_news_chunk_5_6,,,https://audio-v1.voiceofcyprus.org/audio_chunks/cy_audio_news_chunk_5_6.mp3,https://image.voiceofcyprus.org/OIP-427564143.jpeg,CY-Audio,webvtt,cy_audio_news_chunk_5_6.vtt
8adc01a2-329a-4959-be55-b5b542042295,cy_audio_news_chunk_5_7,,,https://audio-v1.voiceofcyprus.org/audio_chunks/cy_audio_news_chunk_5_7.mp3,https://image.voiceofcyprus.org/OIP-427564143.jpeg,CY-Audio,webvtt,cy_audio_news_chunk_5_7.vtt
1f3a80b6-fe21-49ce-9e06-8ac23e5a87ee,cy_audio_news_chunk_5_8,,,https://audio-v1.voiceofcyprus.org/audio_chunks/cy_audio_news_chunk_5_8.mp3,https://image.voiceofcyprus.org/OIP-427564143.jpeg,CY-Audio,webvtt,cy_audio_news_chunk_5_8.vtt
b4569d16-167c-4d00-a9c7-f580293c4c46,cy_audio_news_chunk_5_9,,,https://audio-v1.voiceofcyprus.org/audio_chunks/cy_audio_news_chunk_5_9.mp3,https://image.voiceofcyprus.org/OIP-427564143.jpeg,CY-Audio,webvtt,cy_audio_news_chunk_5_9.vtt
8bee8540-51bc-4629-b74e-38281a83e46f,cy_audio_news_chunk_6_1,,,https://audio-v1.voiceofcyprus.org/audio_chunks/cy_audio_news_chunk_6_1.mp3,https://image.voiceofcyprus.org/OIP-427564143.jpeg,CY-Audio,webvtt,cy_audio_news_chunk_6_1.vtt
b1fe6776-019a-4c48-8534-67c1c26ec8f2,cy_audio_news_chunk_6_10,,,https://audio-v1.voiceofcyprus.org/audio_chunks/cy_audio_news_chunk_6_10.mp3,https://image.voiceofcyprus.org/OIP-427564143.jpeg,CY-Audio,webvtt,cy_audio_news_chunk_6_10.vtt
43301dd9-bc16-4afb-a488-a59e8211c25f,cy_audio_news_chunk_6_11,,,https://audio-v1.voiceofcyprus.org/audio_chunks/cy_audio_news_chunk_6_11.mp3,https://image.voiceofcyprus.org/OIP-427564143.jpeg,CY-Audio,webvtt,cy_audio_news_chunk_6_11.vtt
25231697-6adf-409c-b1d0-5e76b9be2bfa,cy_audio_news_chunk_6_12,,,https://audio-v1.voiceofcyprus.org/audio_chunks/cy_audio_news_chunk_6_12.mp3,https://image.voiceofcyprus.org/OIP-427564143.jpeg,CY-Audio,webvtt,cy_audio_news_chunk_6_12.vtt
1d1c02f7-9523-41f6-9be6-964ab995ac18,cy_audio_news_chunk_6_13,,,https://audio-v1.voiceofcyprus.org/audio_chunks/cy_audio_news_chunk_6_13.mp3,https://image.voiceofcyprus.org/OIP-427564143.jpeg,CY-Audio,webvtt,cy_audio_news_chunk_6_13.vtt
99889f9b-6490-4beb-b2e8-3cf4969d4a40,cy_audio_news_chunk_6_14,,,https://audio-v1.voiceofcyprus.org/audio_chunks/cy_audio_news_chunk_6_14.mp3,https://image.voiceofcyprus.org/OIP-427564143.jpeg,CY-Audio,webvtt,cy_audio_news_chunk_6_14.vtt
8a91bc1d-2440-44ac-9d28-ca3c6ac2878c,cy_audio_news_chunk_6_15,,,https://audio-v1.voiceofcyprus.org/audio_chunks/cy_audio_news_chunk_6_15.mp3,https://image.voiceofcyprus.org/OIP-427564143.jpeg,CY-Audio,webvtt,cy_audio_news_chunk_6_15.vtt
dd21163a-d250-4c44-8c2a-a3920d42bfaa,cy_audio_news_chunk_6_16,,,https://audio-v1.voiceofcyprus.org/audio_chunks/cy_audio_news_chunk_6_16.mp3,https://image.voiceofcyprus.org/OIP-427564143.jpeg,CY-Audio,webvtt,cy_audio_news_chunk_6_16.vtt
12a0aff0-4444-42b3-b458-9f4d42de822f,cy_audio_news_chunk_6_17,,,https://audio-v1.voiceofcyprus.org/audio_chunks/cy_audio_news_chunk_6_17.mp3,https://image.voiceofcyprus.org/OIP-427564143.jpeg,CY-Audio,webvtt,cy_audio_news_chunk_6_17.vtt
454da163-6660-490b-8f43-a9e4eaf7e63c,cy_audio_news_chunk_6_18,,,https://audio-v1.voiceofcyprus.org/audio_chunks/cy_audio_news_chunk_6_18.mp3,https://image.voiceofcyprus.org/OIP-427564143.jpeg,CY-Audio,webvtt,cy_audio_news_chunk_6_18.vtt
c984efd2-5688-44e6-8747-74c314f1767a,cy_audio_news_chunk_6_19,,,https://audio-v1.voiceofcyprus.org/audio_chunks/cy_audio_news_chunk_6_19.mp3,https://image.voiceofcyprus.org/OIP-427564143.jpeg,CY-Audio,webvtt,cy_audio_news_chunk_6_19.vtt
275f4cd2-1e3a-43b5-b694-8afec9d80d2e,cy_audio_news_chunk_6_2,,,https://audio-v1.voiceofcyprus.org/audio_chunks/cy_audio_news_chunk_6_2.mp3,https://image.voiceofcyprus.org/OIP-427564143.jpeg,CY-Audio,webvtt,cy_audio_news_chunk_6_2.vtt
c42e9430-415f-4f07-ba8a-27f5b17b7cea,cy_audio_news_chunk_6_20,,,https://audio-v1.voiceofcyprus.org/audio_chunks/cy_audio_news_chunk_6_20.mp3,https://image.voiceofcyprus.org/OIP-427564143.jpeg,CY-Audio,webvtt,cy_audio_news_chunk_6_20.vtt
cdf8869b-aa6e-47a1-a2b2-2a306f3b0aa8,cy_audio_news_chunk_6_3,,,https://audio-v1.voiceofcyprus.org/audio_chunks/cy_audio_news_chunk_6_3.mp3,https://image.voiceofcyprus.org/OIP-427564143.jpeg,CY-Audio,webvtt,cy_audio_news_chunk_6_3.vtt
c1a94d94-19a6-403e-ba4e-648d5444391d,cy_audio_news_chunk_6_4,,,https://audio-v1.voiceofcyprus.org/audio_chunks/cy_audio_news_chunk_6_4.mp3,https://image.voiceofcyprus.org/OIP-427564143.jpeg,CY-Audio,webvtt,cy_audio_news_chunk_6_4.vtt
18407367-59cf-4a64-b528-ad0fab12e8b8,cy_audio_news_chunk_6_5,,,https://audio-v1.voiceofcyprus.org/audio_chunks/cy_audio_news_chunk_6_5.mp3,https://image.voiceofcyprus.org/OIP-427564143.jpeg,CY-Audio,webvtt,cy_audio_news_chunk_6_5.vtt
8d278cd5-6691-4e87-9f90-6d5d1f9b17b8,cy_audio_news_chunk_6_6,,,https://audio-v1.voiceofcyprus.org/audio_chunks/cy_audio_news_chunk_6_6.mp3,https://image.voiceofcyprus.org/OIP-427564143.jpeg,CY-Audio,webvtt,cy_audio_news_chunk_6_6.vtt
bb5ed2ab-6931-41d3-aa5e-290ca5261f72,cy_audio_news_chunk_6_7,,,https://audio-v1.voiceofcyprus.org/audio_chunks/cy_audio_news_chunk_6_7.mp3,https://image.voiceofcyprus.org/OIP-427564143.jpeg,CY-Audio,webvtt,cy_audio_news_chunk_6_7.vtt
27221458-90ab-4b93-80e0-aaeee7a8a59c,cy_audio_news_chunk_6_8,,,https://audio-v1.voiceofcyprus.org/audio_chunks/cy_audio_news_chunk_6_8.mp3,https://image.voiceofcyprus.org/OIP-427564143.jpeg,CY-Audio,webvtt,cy_audio_news_chunk_6_8.vtt
ecc26c62-23b8-4e1a-92c2-613646b67851,cy_audio_news_chunk_6_9,,,https://audio-v1.voiceofcyprus.org/audio_chunks/cy_audio_news_chunk_6_9.mp3,https://image.voiceofcyprus.org/OIP-427564143.jpeg,CY-Audio,webvtt,cy_audio_news_chunk_6_9.vtt
1c5662dc-c739-4f0a-ac6c-d1686fe977ce,cy_audio_news_chunk_7_1,,,https://audio-v1.voiceofcyprus.org/audio_chunks/cy_audio_news_chunk_7_1.mp3,https://image.voiceofcyprus.org/OIP-427564143.jpeg,CY-Audio,webvtt,cy_audio_news_chunk_7_1.vtt
001c9b4e-efd0-484b-a3de-53e665e89eb9,cy_audio_news_chunk_7_10,,,https://audio-v1.voiceofcyprus.org/audio_chunks/cy_audio_news_chunk_7_10.mp3,https://image.voiceofcyprus.org/OIP-427564143.jpeg,CY-Audio,webvtt,cy_audio_news_chunk_7_10.vtt
d0a586fc-22c6-43a6-b39d-13b0ac9d1951,cy_audio_news_chunk_7_11,,,https://audio-v1.voiceofcyprus.org/audio_chunks/cy_audio_news_chunk_7_11.mp3,https://image.voiceofcyprus.org/OIP-427564143.jpeg,CY-Audio,webvtt,cy_audio_news_chunk_7_11.vtt
9cc8bf4b-a46c-48b4-a134-09d29dc1e70f,cy_audio_news_chunk_7_12,,,https://audio-v1.voiceofcyprus.org/audio_chunks/cy_audio_news_chunk_7_12.mp3,https://image.voiceofcyprus.org/OIP-427564143.jpeg,CY-Audio,webvtt,cy_audio_news_chunk_7_12.vtt
030e447e-be5f-4286-a4a0-d5139207106a,cy_audio_news_chunk_7_13,,,https://audio-v1.voiceofcyprus.org/audio_chunks/cy_audio_news_chunk_7_13.mp3,https://image.voiceofcyprus.org/OIP-427564143.jpeg,CY-Audio,webvtt,cy_audio_news_chunk_7_13.vtt
d36b1290-1e98-45bb-9b4c-05378e3403e0,cy_audio_news_chunk_7_14,,,https://audio-v1.voiceofcyprus.org/audio_chunks/cy_audio_news_chunk_7_14.mp3,https://image.voiceofcyprus.org/OIP-427564143.jpeg,CY-Audio,webvtt,cy_audio_news_chunk_7_14.vtt
d3035bd5-20d4-4f74-869e-09df32f7c7c4,cy_audio_news_chunk_7_15,,,https://audio-v1.voiceofcyprus.org/audio_chunks/cy_audio_news_chunk_7_15.mp3,https://image.voiceofcyprus.org/OIP-427564143.jpeg,CY-Audio,webvtt,cy_audio_news_chunk_7_15.vtt
7bf6b21e-69c9-432e-b96b-fe75955ae328,cy_audio_news_chunk_7_16,,,https://audio-v1.voiceofcyprus.org/audio_chunks/cy_audio_news_chunk_7_16.mp3,https://image.voiceofcyprus.org/OIP-427564143.jpeg,CY-Audio,webvtt,cy_audio_news_chunk_7_16.vtt
4daf94b1-18a3-4b91-ae15-32eaeb79e318,cy_audio_news_chunk_7_17,,,https://audio-v1.voiceofcyprus.org/audio_chunks/cy_audio_news_chunk_7_17.mp3,https://image.voiceofcyprus.org/OIP-427564143.jpeg,CY-Audio,webvtt,cy_audio_news_chunk_7_17.vtt
d60f3344-1267-47c1-8584-a1f58974f0e1,cy_audio_news_chunk_7_18,,,https://audio-v1.voiceofcyprus.org/audio_chunks/cy_audio_news_chunk_7_18.mp3,https://image.voiceofcyprus.org/OIP-427564143.jpeg,CY-Audio,webvtt,cy_audio_news_chunk_7_18.vtt
24a8aaca-db68-4d62-bf9d-f211f7a8da1f,cy_audio_news_chunk_7_19,,,https://audio-v1.voiceofcyprus.org/audio_chunks/cy_audio_news_chunk_7_19.mp3,https://image.voiceofcyprus.org/OIP-427564143.jpeg,CY-Audio,webvtt,cy_audio_news_chunk_7_19.vtt
abadc578-78a7-4479-9fbb-fe1a29cad0d9,cy_audio_news_chunk_7_2,,,https://audio-v1.voiceofcyprus.org/audio_chunks/cy_audio_news_chunk_7_2.mp3,https://image.voiceofcyprus.org/OIP-427564143.jpeg,CY-Audio,webvtt,cy_audio_news_chunk_7_2.vtt
92c569bc-3d60-452f-94dd-846cbb44f53b,cy_audio_news_chunk_7_20,,,https://audio-v1.voiceofcyprus.org/audio_chunks/cy_audio_news_chunk_7_20.mp3,https://image.voiceofcyprus.org/OIP-427564143.jpeg,CY-Audio,webvtt,cy_audio_news_chunk_7_20.vtt
11ee2dc8-4c40-4edc-ac49-3060e284c499,cy_audio_news_chunk_7_3,,,https://audio-v1.voiceofcyprus.org/audio_chunks/cy_audio_news_chunk_7_3.mp3,https://image.voiceofcyprus.org/OIP-427564143.jpeg,CY-Audio,webvtt,cy_audio_news_chunk_7_3.vtt
d3d50ce5-bee3-40e0-962f-475d0455e573,cy_audio_news_chunk_7_4,,,https://audio-v1.voiceofcyprus.org/audio_chunks/cy_audio_news_chunk_7_4.mp3,https://image.voiceofcyprus.org/OIP-427564143.jpeg,CY-Audio,webvtt,cy_audio_news_chunk_7_4.vtt
135fcc38-d250-4f03-b2d7-74dbc0598236,cy_audio_news_chunk_7_5,,,https://audio-v1.voiceofcyprus.org/audio_chunks/cy_audio_news_chunk_7_5.mp3,https://image.voiceofcyprus.org/OIP-427564143.jpeg,CY-Audio,webvtt,cy_audio_news_chunk_7_5.vtt
646b5741-3332-41ce-8f9c-d0ab885ace57,cy_audio_news_chunk_7_6,,,https://audio-v1.voiceofcyprus.org/audio_chunks/cy_audio_news_chunk_7_6.mp3,https://image.voiceofcyprus.org/OIP-427564143.jpeg,CY-Audio,webvtt,cy_audio_news_chunk_7_6.vtt
f98044e0-e53c-4f20-ab47-4833707653d6,cy_audio_news_chunk_7_7,,,https://audio-v1.voiceofcyprus.org/audio_chunks/cy_audio_news_chunk_7_7.mp3,https://image.voiceofcyprus.org/OIP-427564143.jpeg,CY-Audio,webvtt,cy_audio_news_chunk_7_7.vtt
788a760d-1b6c-436b-b886-77c519ae05f4,cy_audio_news_chunk_7_8,,,https://audio-v1.voiceofcyprus.org/audio_chunks/cy_audio_news_chunk_7_8.mp3,https://image.voiceofcyprus.org/OIP-427564143.jpeg,CY-Audio,webvtt,cy_audio_news_chunk_7_8.vtt
4ccc6968-258c-4019-ab2b-6dfc182bc986,cy_audio_news_chunk_7_9,,,https://audio-v1.voiceofcyprus.org/audio_chunks/cy_audio_news_chunk_7_9.mp3,https://image.voiceofcyprus.org/OIP-427564143.jpeg,CY-Audio,webvtt,cy_audio_news_chunk_7_9.vtt
f04b5e87-26b6-4ba1-bc20-0890abc85955,cy_audio_news_chunk_8_1,,,https://audio-v1.voiceofcyprus.org/audio_chunks/cy_audio_news_chunk_8_1.mp3,https://image.voiceofcyprus.org/OIP-427564143.jpeg,CY-Audio,webvtt,cy_audio_news_chunk_8_1.vtt
7c1a252d-fbc0-47dc-af0d-ce5d855fcc7c,cy_audio_news_chunk_8_10,,,https://audio-v1.voiceofcyprus.org/audio_chunks/cy_audio_news_chunk_8_10.mp3,https://image.voiceofcyprus.org/OIP-427564143.jpeg,CY-Audio,webvtt,cy_audio_news_chunk_8_10.vtt
f1a3243d-e4d9-48a0-8db0-e0201cbda40f,cy_audio_news_chunk_8_11,,,https://audio-v1.voiceofcyprus.org/audio_chunks/cy_audio_news_chunk_8_11.mp3,https://image.voiceofcyprus.org/OIP-427564143.jpeg,CY-Audio,webvtt,cy_audio_news_chunk_8_11.vtt
f0ddf59d-321c-4de8-a141-535f4eec492c,cy_audio_news_chunk_8_12,,,https://audio-v1.voiceofcyprus.org/audio_chunks/cy_audio_news_chunk_8_12.mp3,https://image.voiceofcyprus.org/OIP-427564143.jpeg,CY-Audio,webvtt,cy_audio_news_chunk_8_12.vtt
d4a0a196-525f-4f36-ac45-86ae09f0ff34,cy_audio_news_chunk_8_13,,,https://audio-v1.voiceofcyprus.org/audio_chunks/cy_audio_news_chunk_8_13.mp3,https://image.voiceofcyprus.org/OIP-427564143.jpeg,CY-Audio,webvtt,cy_audio_news_chunk_8_13.vtt
692a7150-d422-48b9-8b20-aed3b96c741e,cy_audio_news_chunk_8_14,,,https://audio-v1.voiceofcyprus.org/audio_chunks/cy_audio_news_chunk_8_14.mp3,https://image.voiceofcyprus.org/OIP-427564143.jpeg,CY-Audio,webvtt,cy_audio_news_chunk_8_14.vtt
764c30ad-97c5-4eb1-b7e0-71f0c3eab788,cy_audio_news_chunk_8_15,,,https://audio-v1.voiceofcyprus.org/audio_chunks/cy_audio_news_chunk_8_15.mp3,https://image.voiceofcyprus.org/OIP-427564143.jpeg,CY-Audio,webvtt,cy_audio_news_chunk_8_15.vtt
79b0a4c9-0866-4c2e-bfe8-95f3d4f2f3be,cy_audio_news_chunk_8_16,,,https://audio-v1.voiceofcyprus.org/audio_chunks/cy_audio_news_chunk_8_16.mp3,https://image.voiceofcyprus.org/OIP-427564143.jpeg,CY-Audio,webvtt,cy_audio_news_chunk_8_16.vtt
12145192-6489-474b-8694-dbf778efc96f,cy_audio_news_chunk_8_17,,,https://audio-v1.voiceofcyprus.org/audio_chunks/cy_audio_news_chunk_8_17.mp3,https://image.voiceofcyprus.org/OIP-427564143.jpeg,CY-Audio,webvtt,cy_audio_news_chunk_8_17.vtt
9022bcbc-4ceb-4fb8-98d5-f3adfd4ec768,cy_audio_news_chunk_8_18,,,https://audio-v1.voiceofcyprus.org/audio_chunks/cy_audio_news_chunk_8_18.mp3,https://image.voiceofcyprus.org/OIP-427564143.jpeg,CY-Audio,webvtt,cy_audio_news_chunk_8_18.vtt
5ecd39f3-a719-4f91-bdf9-f8d0d65ee6cf,cy_audio_news_chunk_8_19,,,https://audio-v1.voiceofcyprus.org/audio_chunks/cy_audio_news_chunk_8_19.mp3,https://image.voiceofcyprus.org/OIP-427564143.jpeg,CY-Audio,webvtt,cy_audio_news_chunk_8_19.vtt
79823164-8daf-41a3-a240-42358b4a3086,cy_audio_news_chunk_8_2,,,https://audio-v1.voiceofcyprus.org/audio_chunks/cy_audio_news_chunk_8_2.mp3,https://image.voiceofcyprus.org/OIP-427564143.jpeg,CY-Audio,webvtt,cy_audio_news_chunk_8_2.vtt
0f3b8fd5-1d20-489c-9638-89b9e2942bcb,cy_audio_news_chunk_8_20,,,https://audio-v1.voiceofcyprus.org/audio_chunks/cy_audio_news_chunk_8_20.mp3,https://image.voiceofcyprus.org/OIP-427564143.jpeg,CY-Audio,webvtt,cy_audio_news_chunk_8_20.vtt
90242db1-3f9a-4df8-8ed1-33dced1ac135,cy_audio_news_chunk_8_21,,,https://audio-v1.voiceofcyprus.org/audio_chunks/cy_audio_news_chunk_8_21.mp3,https://image.voiceofcyprus.org/OIP-427564143.jpeg,CY-Audio,webvtt,cy_audio_news_chunk_8_21.vtt
36697c6a-34c8-47c6-89e0-8f9ca0c5981b,cy_audio_news_chunk_8_22,,,https://audio-v1.voiceofcyprus.org/audio_chunks/cy_audio_news_chunk_8_22.mp3,https://image.voiceofcyprus.org/OIP-427564143.jpeg,CY-Audio,webvtt,cy_audio_news_chunk_8_22.vtt
0d1c739f-3065-42f2-b75c-be7619145aa4,cy_audio_news_chunk_8_3,,,https://audio-v1.voiceofcyprus.org/audio_chunks/cy_audio_news_chunk_8_3.mp3,https://image.voiceofcyprus.org/OIP-427564143.jpeg,CY-Audio,webvtt,cy_audio_news_chunk_8_3.vtt
344cfe86-9156-44d5-a71c-c33756d9b828,cy_audio_news_chunk_8_4,,,https://audio-v1.voiceofcyprus.org/audio_chunks/cy_audio_news_chunk_8_4.mp3,https://image.voiceofcyprus.org/OIP-427564143.jpeg,CY-Audio,webvtt,cy_audio_news_chunk_8_4.vtt
b23a9a77-c3fe-419d-93d0-0c7a7ed4eeb7,cy_audio_news_chunk_8_5,,,https://audio-v1.voiceofcyprus.org/audio_chunks/cy_audio_news_chunk_8_5.mp3,https://image.voiceofcyprus.org/OIP-427564143.jpeg,CY-Audio,webvtt,cy_audio_news_chunk_8_5.vtt
471afbd2-f40a-49e2-9a6b-ddaece9c9831,cy_audio_news_chunk_8_6,,,https://audio-v1.voiceofcyprus.org/audio_chunks/cy_audio_news_chunk_8_6.mp3,https://image.voiceofcyprus.org/OIP-427564143.jpeg,CY-Audio,webvtt,cy_audio_news_chunk_8_6.vtt
f00efc8e-e458-4416-9dd1-a6edc400bdeb,cy_audio_news_chunk_8_7,,,https://audio-v1.voiceofcyprus.org/audio_chunks/cy_audio_news_chunk_8_7.mp3,https://image.voiceofcyprus.org/OIP-427564143.jpeg,CY-Audio,webvtt,cy_audio_news_chunk_8_7.vtt
d6da4edd-6b97-456a-8c0c-764fda0bdd2a,cy_audio_news_chunk_8_8,,,https://audio-v1.voiceofcyprus.org/audio_chunks/cy_audio_news_chunk_8_8.mp3,https://image.voiceofcyprus.org/OIP-427564143.jpeg,CY-Audio,webvtt,cy_audio_news_chunk_8_8.vtt
70adf32f-d657-4b81-983a-9122263c7c7c,cy_audio_news_chunk_8_9,,,https://audio-v1.voiceofcyprus.org/audio_chunks/cy_audio_news_chunk_8_9.mp3,https://image.voiceofcyprus.org/OIP-427564143.jpeg,CY-Audio,webvtt,cy_audio_news_chunk_8_9.vtt
29bae548-9877-4347-8852-6e0045554341,cy_audio_news_chunk_9_1,,,https://audio-v1.voiceofcyprus.org/audio_chunks/cy_audio_news_chunk_9_1.mp3,https://image.voiceofcyprus.org/OIP-427564143.jpeg,CY-Audio,webvtt,cy_audio_news_chunk_9_1.vtt
88448681-201a-450b-8522-3c2a3f26b1b2,cy_audio_news_chunk_9_10,,,https://audio-v1.voiceofcyprus.org/audio_chunks/cy_audio_news_chunk_9_10.mp3,https://image.voiceofcyprus.org/OIP-427564143.jpeg,CY-Audio,webvtt,cy_audio_news_chunk_9_10.vtt
bedfca7c-7da6-4c1c-89b4-d17501cad7e4,cy_audio_news_chunk_9_11,,,https://audio-v1.voiceofcyprus.org/audio_chunks/cy_audio_news_chunk_9_11.mp3,https://image.voiceofcyprus.org/OIP-427564143.jpeg,CY-Audio,webvtt,cy_audio_news_chunk_9_11.vtt
650081ec-0582-41b4-bd9f-b139a53d3f87,cy_audio_news_chunk_9_12,,,https://audio-v1.voiceofcyprus.org/audio_chunks/cy_audio_news_chunk_9_12.mp3,https://image.voiceofcyprus.org/OIP-427564143.jpeg,CY-Audio,webvtt,cy_audio_news_chunk_9_12.vtt
e37afebd-59ad-4f47-bb8b-5959d6615094,cy_audio_news_chunk_9_13,,,https://audio-v1.voiceofcyprus.org/audio_chunks/cy_audio_news_chunk_9_13.mp3,https://image.voiceofcyprus.org/OIP-427564143.jpeg,CY-Audio,webvtt,cy_audio_news_chunk_9_13.vtt
418b9da7-55be-4ae2-a393-29f905e4446c,cy_audio_news_chunk_9_14,,,https://audio-v1.voiceofcyprus.org/audio_chunks/cy_audio_news_chunk_9_14.mp3,https://image.voiceofcyprus.org/OIP-427564143.jpeg,CY-Audio,webvtt,cy_audio_news_chunk_9_14.vtt
01586c61-a0c7-48c2-a7f3-502a22050a0d,cy_audio_news_chunk_9_15,,,https://audio-v1.voiceofcyprus.org/audio_chunks/cy_audio_news_chunk_9_15.mp3,https://image.voiceofcyprus.org/OIP-427564143.jpeg,CY-Audio,webvtt,cy_audio_news_chunk_9_15.vtt
3907cfbd-7a74-44b0-8a28-ce33ea6c2d2a,cy_audio_news_chunk_9_16,,,https://audio-v1.voiceofcyprus.org/audio_chunks/cy_audio_news_chunk_9_16.mp3,https://image.voiceofcyprus.org/OIP-427564143.jpeg,CY-Audio,webvtt,cy_audio_news_chunk_9_16.vtt
a359b501-357e-4a4c-a72c-feedb88016d8,cy_audio_news_chunk_9_17,,,https://audio-v1.voiceofcyprus.org/audio_chunks/cy_audio_news_chunk_9_17.mp3,https://image.voiceofcyprus.org/OIP-427564143.jpeg,CY-Audio,webvtt,cy_audio_news_chunk_9_17.vtt
f638bc26-f001-4db0-8dd8-493dc78ffc8e,cy_audio_news_chunk_9_18,,,https://audio-v1.voiceofcyprus.org/audio_chunks/cy_audio_news_chunk_9_18.mp3,https://image.voiceofcyprus.org/OIP-427564143.jpeg,CY-Audio,webvtt,cy_audio_news_chunk_9_18.vtt
557a1099-2e56-45b0-aa07-a93a259e4f0a,cy_audio_news_chunk_9_19,,,https://audio-v1.voiceofcyprus.org/audio_chunks/cy_audio_news_chunk_9_19.mp3,https://image.voiceofcyprus.org/OIP-427564143.jpeg,CY-Audio,webvtt,cy_audio_news_chunk_9_19.vtt
53a6ed95-daf5-4e6a-bfcd-23af8decf195,cy_audio_news_chunk_9_2,,,https://audio-v1.voiceofcyprus.org/audio_chunks/cy_audio_news_chunk_9_2.mp3,https://image.voiceofcyprus.org/OIP-427564143.jpeg,CY-Audio,webvtt,cy_audio_news_chunk_9_2.vtt
c47e02cf-c72d-457a-9a5b-03a8160df2b6,cy_audio_news_chunk_9_20,,,https://audio-v1.voiceofcyprus.org/audio_chunks/cy_audio_news_chunk_9_20.mp3,https://image.voiceofcyprus.org/OIP-427564143.jpeg,CY-Audio,webvtt,cy_audio_news_chunk_9_20.vtt
12a26c0d-efce-42e1-94b2-51c1c3de20c0,cy_audio_news_chunk_9_21,,,https://audio-v1.voiceofcyprus.org/audio_chunks/cy_audio_news_chunk_9_21.mp3,https://image.voiceofcyprus.org/OIP-427564143.jpeg,CY-Audio,webvtt,cy_audio_news_chunk_9_21.vtt
803ec024-cfd2-4d00-b1d5-c516c2ea03e7,cy_audio_news_chunk_9_22,,,https://audio-v1.voiceofcyprus.org/audio_chunks/cy_audio_news_chunk_9_22.mp3,https://image.voiceofcyprus.org/OIP-427564143.jpeg,CY-Audio,webvtt,cy_audio_news_chunk_9_22.vtt
35d9d7f2-8e6a-402e-b9dd-deabe84ec7bb,cy_audio_news_chunk_9_23,,,https://audio-v1.voiceofcyprus.org/audio_chunks/cy_audio_news_chunk_9_23.mp3,https://image.voiceofcyprus.org/OIP-427564143.jpeg,CY-Audio,webvtt,cy_audio_news_chunk_9_23.vtt
2eb6d504-fde7-4869-9d38-d46ad6ff7797,cy_audio_news_chunk_9_3,,,https://audio-v1.voiceofcyprus.org/audio_chunks/cy_audio_news_chunk_9_3.mp3,https://image.voiceofcyprus.org/OIP-427564143.jpeg,CY-Audio,webvtt,cy_audio_news_chunk_9_3.vtt
c6fefcfc-8f50-4c90-a575-2220007595bc,cy_audio_news_chunk_9_4,,,https://audio-v1.voiceofcyprus.org/audio_chunks/cy_audio_news_chunk_9_4.mp3,https://image.voiceofcyprus.org/OIP-427564143.jpeg,CY-Audio,webvtt,cy_audio_news_chunk_9_4.vtt
ea3e8ca7-0b51-4a31-a980-d877468dbb1b,cy_audio_news_chunk_9_5,,,https://audio-v1.voiceofcyprus.org/audio_chunks/cy_audio_news_chunk_9_5.mp3,https://image.voiceofcyprus.org/OIP-427564143.jpeg,CY-Audio,webvtt,cy_audio_news_chunk_9_5.vtt
f3f4667e-514c-4292-ac63-f2f1be4672c8,cy_audio_news_chunk_9_6,,,https://audio-v1.voiceofcyprus.org/audio_chunks/cy_audio_news_chunk_9_6.mp3,https://image.voiceofcyprus.org/OIP-427564143.jpeg,CY-Audio,webvtt,cy_audio_news_chunk_9_6.vtt
f9dd19f7-5f89-48a7-91e7-f3767f9c37f0,cy_audio_news_chunk_9_7,,,https://audio-v1.voiceofcyprus.org/audio_chunks/cy_audio_news_chunk_9_7.mp3,https://image.voiceofcyprus.org/OIP-427564143.jpeg,CY-Audio,webvtt,cy_audio_news_chunk_9_7.vtt
c340d540-c260-4797-865c-8941e34c5a72,cy_audio_news_chunk_9_8,,,https://audio-v1.voiceofcyprus.org/audio_chunks/cy_audio_news_chunk_9_8.mp3,https://image.voiceofcyprus.org/OIP-427564143.jpeg,CY-Audio,webvtt,cy_audio_news_chunk_9_8.vtt
ed39b4af-844d-4745-aa8f-8c7ee81cfa47,cy_audio_news_chunk_9_9,,,https://audio-v1.voiceofcyprus.org/audio_chunks/cy_audio_news_chunk_9_9.mp3,https://image.voiceofcyprus.org/OIP-427564143.jpeg,CY-Audio,webvtt,cy_audio_news_chunk_9_9.vtt